Att1,Att2,Att3,Att4,Att6,Att7,Att8,Att15,Att16,Att17,Att18,Att20,Att21,Att22,Att25,Att26,Att27,Att28,Att30,Att32,label
0.11611300000000001,0.19133699999999998,0.137499,0.183798,0.275494,0.17627,0.065175,0.064839,0.025065,0.009126,0.015962,0.007006999999999999,0.003934,0.019093000000000002,0.00979,0.0038439999999999998,0.008062999999999999,0.004772,0.010284999999999999,0.036142,0
0.182955,0.30428,0.21509899999999998,0.289103,0.427044,0.309747,0.0064269999999999996,0.023898,0.002242,0.004822,0.066633,0.154099,0.021240000000000002,0.01379,0.046727,0.022808000000000002,0.003332,0.006024,0.004693,0.20299,5
0.234425,0.087027,0.181279,0.133737,0.313197,0.229417,0.12851500000000002,0.11638499999999999,0.054504,0.036506,0.0729,0.031606,0.07537,0.312695,0.050053,0.016337,0.016225999999999997,0.020758000000000002,0.074072,0.07914700000000001,4
0.255056,0.096708,0.143812,0.189929,0.282674,0.182768,0.12258699999999999,0.286206,0.11549000000000001,0.067492,0.029605000000000003,0.048977,0.020503999999999998,0.028944,0.261671,0.053623000000000004,0.020094,0.054666,0.013798,0.1218,4
0.298151,0.110693,0.16726400000000002,0.226588,0.335751,0.23143000000000002,0.082161,0.030064999999999998,0.197413,0.072133,0.027408999999999996,0.006825,0.037763,0.010624,0.012721,0.08011900000000001,0.126643,0.08049400000000001,0.007631999999999999,0.01641,4
0.195639,0.31997,0.226793,0.001519,0.027844999999999998,0.258904,0.02304,0.033132999999999996,0.012337,0.005164,0.009733,0.10950599999999999,0.038485000000000005,0.012708,0.006993999999999999,0.009940000000000001,0.012972,0.006862999999999999,0.009748,0.014449000000000002,5
0.208804,0.342143,0.017253,0.243535,0.308874,0.238769,0.029944,0.025294,0.024825,0.01115,0.007731999999999999,0.109176,0.103019,0.056959,0.013918999999999999,0.007391,0.012950999999999999,0.015225,0.01642,0.009526999999999999,1
0.121931,0.20947600000000002,0.145508,0.19952899999999998,0.292272,0.192001,0.11159300000000001,0.225373,0.114102,0.039881,0.025903,0.02026,0.012657999999999999,0.005921,0.156422,0.031863,0.008304,0.016919,0.00861,0.031242000000000002,0
0.360705,0.140067,0.203673,0.272489,0.335575,0.280277,0.020913,0.010379000000000001,0.0053,0.017659,0.150469,0.02411,0.007894,0.013969,0.016862000000000002,0.004936,0.0043549999999999995,0.005017,0.06877799999999999,0.129021,1
0.228803,0.086109,0.1325,0.178025,0.26469299999999996,0.167959,0.069097,0.04849,0.027754,0.011170999999999999,0.071328,0.010937,0.028855000000000002,0.13226300000000002,0.017442,0.015437000000000001,0.007393,0.008445999999999999,0.098899,0.064108,0
0.398471,0.153752,0.29647399999999996,0.221302,0.437907,0.37399,0.009916,0.022864,0.0034850000000000003,0.0032909999999999997,0.008812,0.070732,0.018596,0.0066099999999999996,0.007686,0.021508000000000003,0.004382,0.008121,0.005761,0.066607,1
0.04596,0.16858199999999998,0.166397,0.050312,0.33035,0.277097,0.07472100000000001,0.01267,0.016735,0.010425,0.007056000000000001,0.033506,0.05421,0.047452,0.011775,0.005679,0.006222999999999999,0.009559999999999999,0.012806,0.007445,5
0.254103,0.41296499999999997,0.14407899999999998,0.045475,0.287611,0.18770799999999999,0.012376999999999999,0.093276,0.011133,0.024184,0.004671,0.012990999999999999,0.013201,0.004251,0.143877,0.010920000000000001,0.003498,0.030448000000000003,0.004898,0.049078,4
0.328992,0.132193,0.045888,0.007088,0.173513,0.172717,0.15568800000000002,0.06713,0.12253599999999999,0.191675,0.173795,0.102959,0.043424000000000004,0.039811,0.032034,0.034194999999999996,0.081588,0.21828499999999998,0.26877,0.087181,0
0.21091500000000002,0.345602,0.247848,0.331945,0.410416,0.36136599999999997,0.010052,0.013962,0.012385,0.009588,0.003029,0.052631,0.107924,0.038877999999999996,0.004154,0.007784,0.002876,0.023773,0.005956,0.007309,1
0.19679000000000002,0.32105900000000004,0.007731999999999999,0.228265,0.38488,0.330507,0.051905999999999994,0.053809,0.030095999999999998,0.011633,0.035654000000000005,0.298055,0.166572,0.074241,0.015988,0.017928,0.034192,0.026368,0.018681,0.028227999999999996,5
0.136523,0.23705,0.171396,0.227279,0.287122,0.16595,0.227523,0.138416,0.285503,0.168783,0.095151,0.040902,0.039486,0.038756,0.064112,0.067469,0.10811099999999998,0.08773099999999999,0.035568,0.041392,0
0.235344,0.086035,0.132156,0.172815,0.222781,0.156506,0.08655499999999999,0.06916599999999999,0.044650999999999996,0.029602999999999997,0.041337,0.027774,0.049222,0.122493,0.030713999999999998,0.00923,0.015656,0.019419,0.075632,0.047542,4
0.22702399999999998,0.09515499999999999,0.18187799999999998,0.138716,0.145709,0.06739500000000001,0.11941800000000001,0.122333,0.091228,0.061921000000000004,0.04278,0.050656,0.07232100000000001,0.170467,0.07829,0.032916,0.026657999999999998,0.021388,0.062886,0.064104,4
0.13026600000000002,0.21334899999999998,0.15417999999999998,0.205775,0.254206,0.188364,0.037288999999999996,0.08029800000000001,0.03888,0.015663,0.024353,0.025945999999999997,0.010356,0.009547,0.07117000000000001,0.026331,0.01009,0.011676,0.012806,0.015384,4
0.209623,0.082176,0.12194300000000001,0.16575,0.243718,0.149198,0.149329,0.09963999999999999,0.058174000000000003,0.111397,0.065733,0.161327,0.24156599999999998,0.125022,0.06250499999999999,0.022372,0.024728,0.132414,0.148611,0.042082999999999995,4
0.415367,0.15568900000000002,0.308971,0.006922,0.459308,0.39264499999999997,0.034575,0.078581,0.021512,0.007865,0.019709,0.18501800000000002,0.053295,0.03175,0.015319,0.009568,0.026357,0.020508000000000002,0.010159,0.021299000000000002,5
0.13077,0.21461599999999997,0.011234000000000001,0.155228,0.254782,0.193891,0.038113,0.071642,0.046541,0.014691999999999998,0.009168,0.012693000000000001,0.0037090000000000005,0.0036850000000000003,0.053360000000000005,0.021317,0.005311,0.0052049999999999996,0.007555,0.006806,4
0.255872,0.096122,0.14488299999999998,0.195779,0.29168299999999997,0.19255799999999998,0.054183,0.18737,0.049942,0.015535,0.01063,0.011778,0.008236,0.005665,0.186999,0.017159,0.005664,0.012449,0.005633,0.042808,4
0.356904,0.56714,0.062237,0.20009200000000002,0.3302,0.271244,0.022868,0.008316,0.006534000000000001,0.024612000000000002,0.133139,0.016891999999999997,0.007495999999999999,0.02316,0.010163,0.007437999999999999,0.007169,0.010846,0.171021,0.097123,1
0.210929,0.344866,0.247338,0.006761,0.40575500000000003,0.355159,0.007069,0.006959,0.0066099999999999996,0.0039299999999999995,0.004442,0.033919,0.060146000000000005,0.034069999999999996,0.005563,0.0037549999999999997,0.004289,0.009984,0.006370000000000001,0.008212,1
0.191455,0.308039,0.21980500000000003,0.022543,0.291507,0.24621700000000002,0.014344999999999998,0.007226000000000001,0.0035409999999999994,0.004903,0.016454,0.06683,0.022026,0.006469,0.006340999999999999,0.011890999999999999,0.004086,0.006917,0.007093,0.026758999999999998,5
0.446672,0.16630699999999998,0.33605799999999997,0.012245,0.41681899999999994,0.362137,0.026638,0.045255000000000004,0.084746,0.016850999999999998,0.0096,0.16131500000000001,0.273461,0.10766099999999999,0.020779,0.029243,0.007741,0.027938,0.013559,0.01718,5
0.342012,0.12061,0.253255,0.188252,0.374255,0.265809,0.089013,0.009244,0.045785,0.19594,0.143809,0.025202000000000002,0.036683,0.01195,0.02161,0.007121,0.014165,0.079871,0.265803,0.046557,1
0.373835,0.14389200000000002,0.282369,0.21175300000000002,0.34714,0.303471,0.007378,0.008698000000000001,0.003475,0.00594,0.037139,0.018287,0.007923999999999999,0.006486,0.018917,0.004671,0.006386,0.007439,0.01957,0.10933699999999999,0
0.2375,0.087288,0.133737,0.182979,0.270369,0.17314200000000002,0.033792,0.028187,0.013694,0.008492,0.017669999999999998,0.006247,0.006389,0.034451999999999997,0.009016,0.005665,0.006903,0.0048649999999999995,0.017819,0.025861000000000002,4
0.18263,0.306105,0.21587699999999999,0.011507,0.357127,0.301016,0.026626,0.013184999999999999,0.0075060000000000005,0.011609,0.036787,0.068379,0.019812,0.009017,0.016371,0.014549000000000001,0.005424,0.007690000000000001,0.013115,0.10231,5
0.17789000000000002,0.293575,0.209169,0.277417,0.58358,0.445175,0.007823,0.016132,0.002365,0.00728,0.11679400000000001,0.038769,0.00772,0.010032,0.031176,0.004488000000000001,0.004945000000000001,0.00495,0.026795999999999997,0.134679,0
0.270795,0.098231,0.15395,0.20594200000000001,0.254807,0.20697800000000002,0.026594,0.101441,0.035035000000000004,0.012981,0.018962,0.037825,0.008448,0.007858,0.101382,0.043968,0.014063999999999998,0.0074,0.012059,0.009183,0
0.44442600000000004,0.167236,0.248435,0.33645,0.410554,0.36112,0.011719,0.02285,0.04335,0.017615000000000002,0.003094,0.08632000000000001,0.188503,0.044926999999999995,0.017462000000000002,0.022448,0.005265,0.030657999999999998,0.006901999999999999,0.009481,1
0.210577,0.343341,0.242492,0.32650500000000005,0.40157,0.35295,0.012559,0.025894999999999998,0.009812000000000001,0.005256,0.0047799999999999995,0.107098,0.121808,0.064988,0.015899,0.004857,0.00511,0.029264,0.011474,0.010771,5
0.462808,0.014787999999999999,0.078079,0.089019,0.325438,0.268719,0.091289,0.044802999999999996,0.07196,0.041522,0.044756,0.095171,0.131884,0.128781,0.05413,0.028613,0.013277,0.017883,0.043782,0.025425,5
0.196358,0.013618,0.155531,0.233321,0.038487,0.258098,0.071888,0.043262,0.029629000000000003,0.011256,0.024333,0.17311600000000002,0.09273200000000001,0.040267000000000004,0.020016,0.010570999999999999,0.025661,0.025424000000000002,0.014368,0.024666999999999998,5
0.272547,0.107222,0.205458,0.156495,0.30821,0.203587,0.026427999999999997,0.094599,0.045034,0.019637,0.030018,0.01987,0.008005,0.006508,0.13417,0.064141,0.026755,0.007690000000000001,0.013266,0.009331,4
0.206188,0.331901,0.23654899999999998,0.316508,0.001309,0.341343,0.009304999999999999,0.116799,0.035907,0.00515,0.010112000000000001,0.530563,0.305636,0.11600799999999999,0.024051,0.003993,0.047221,0.035068,0.021176,0.010781,5
0.150199,0.250526,0.178384,0.24278000000000002,0.017283,0.234238,0.072438,0.008708,0.058883000000000005,0.0923,0.046903,0.018803999999999998,0.004797999999999999,0.028544,0.0068390000000000005,0.004954,0.027663999999999998,0.097217,0.024744,0.008204000000000001,2
0.182112,0.014658000000000001,0.139335,0.292687,0.357127,0.304908,0.061935000000000004,0.019835,0.008068,0.011816,0.065855,0.099685,0.03804,0.018154,0.024431,0.015213999999999998,0.007943,0.011326000000000001,0.013802000000000002,0.09888999999999999,5
0.386619,0.166035,0.061923,0.007511,0.21667899999999998,0.231377,0.051576,0.038825,0.025238,0.023411,0.07622999999999999,0.06421,0.036721,0.029751999999999997,0.029467,0.022974,0.013599000000000002,0.015951,0.042626,0.159207,5
0.195273,0.328877,0.23200900000000002,0.001999,0.384317,0.334715,0.042553,0.11838,0.088922,0.012662,0.07939500000000001,0.595078,0.247117,0.10756500000000001,0.038886000000000004,0.026993,0.113621,0.048701,0.027791000000000003,0.047944,5
0.420205,0.164951,0.23782399999999998,0.321705,0.394779,0.346357,0.017997,0.159716,0.034664,0.006854000000000001,0.012699,0.49085,0.211819,0.10560499999999999,0.059471,0.0056,0.034339,0.05890499999999999,0.031044,0.011021,5
0.40310100000000004,0.15520699999999998,0.226627,0.30501300000000003,0.449359,0.328438,0.003647,0.077263,0.016371,0.002438,0.014593,0.23362,0.064545,0.01175,0.004807,0.019291,0.021148,0.006065,0.006814,0.036364999999999995,1
0.208096,0.339827,0.241829,0.006939,0.39510500000000004,0.34274499999999997,0.007217,0.018673,0.007503,0.003348,0.003089,0.107662,0.098262,0.042943,0.008424,0.002414,0.005407,0.015069999999999998,0.005887,0.005168,5
0.256653,0.424242,0.045916000000000005,0.149635,0.29388800000000004,0.194055,0.032705,0.109925,0.031108999999999998,0.021557,0.03,0.020338,0.016525,0.017849,0.155107,0.024891999999999997,0.018661,0.019991,0.017044,0.012846999999999999,4
0.059875,0.120196,0.11071800000000001,0.15041600000000002,0.162875,0.111186,0.102224,0.018699,0.018487,0.019505,0.021259,0.016738999999999997,0.009701999999999999,0.009802,0.012633,0.009848,0.010897,0.011248000000000001,0.011408,0.008728,0
0.198666,0.4952,0.15409,0.31414000000000003,0.5404770000000001,0.404042,0.003793,0.021725,0.025822,0.002284,0.0047009999999999994,0.142218,0.065403,0.016666,0.01151,0.004059,0.035205,0.009507999999999999,0.008546,0.00513,1
0.389971,0.152246,0.297392,0.00038700000000000003,0.36356700000000003,0.315604,0.01152,0.014999,0.0045509999999999995,0.0054859999999999996,0.020644,0.054747000000000004,0.016552,0.008976999999999999,0.006903,0.01028,0.004155,0.012593,0.009276000000000001,0.077958,5
0.146813,0.23878000000000002,0.172429,0.232066,0.341702,0.274474,0.172604,0.039425,0.346862,0.162251,0.079874,0.023666999999999997,0.050748,0.085369,0.020719,0.072905,0.206438,0.183776,0.044574,0.044374000000000004,0
0.137297,0.228361,0.16130799999999998,0.22112199999999999,0.325664,0.221681,0.074681,0.054159000000000006,0.140127,0.06110499999999999,0.023078,0.012403,0.014998,0.008648999999999999,0.035672,0.08970700000000001,0.072823,0.024942,0.009542,0.009133,4
0.105243,0.17744000000000001,0.170261,0.127248,0.21052600000000002,0.142251,0.127152,0.100645,0.062198,0.039744999999999996,0.039320999999999995,0.038156999999999996,0.088239,0.09346499999999999,0.049067,0.021266,0.017297,0.021757,0.061574000000000004,0.030445,0
0.12381099999999999,0.213137,0.153835,0.205583,0.3041,0.203653,0.102267,0.202579,0.11438499999999999,0.051287,0.032335,0.041671,0.015128,0.0075450000000000005,0.14183800000000002,0.044454,0.013980000000000001,0.009873,0.015634000000000002,0.010536,4
0.445705,0.165899,0.011836,0.0018170000000000003,0.033045,0.279776,0.053537,0.02074,0.026936,0.015228,0.014683000000000002,0.049454000000000005,0.071143,0.032243,0.019142,0.012199,0.008017,0.011221,0.016981,0.017547,5
0.120898,0.20364100000000002,0.147714,0.198121,0.242904,0.192246,0.068288,0.166694,0.071176,0.018797,0.014308000000000001,0.017048,0.013246,0.0043560000000000005,0.085474,0.015586000000000001,0.010025,0.027891000000000003,0.014428999999999999,0.026831999999999998,4
0.264548,0.097716,0.149053,0.19967000000000001,0.006778,0.185808,0.043107,0.119887,0.040675,0.020349000000000003,0.014884999999999999,0.020373,0.009251,0.005405,0.125297,0.027262,0.006815000000000001,0.011382,0.007634999999999999,0.014968,4
0.046337,0.141252,0.13733299999999998,0.11196700000000001,0.151686,0.11456300000000001,0.101375,0.031013,0.025994999999999997,0.027037000000000002,0.063024,0.036167000000000005,0.016516,0.016959000000000002,0.015978,0.009823,0.012173,0.014835,0.017009,0.035312,1
0.211734,0.011284,0.165657,0.243164,0.319938,0.263565,0.056804999999999994,0.019667,0.021593,0.0067989999999999995,0.010642,0.072016,0.09739199999999999,0.0785,0.017061,0.006684999999999999,0.007228,0.013432,0.011001,0.010435,5
0.167925,0.28570300000000004,0.204259,0.276086,0.0068189999999999995,0.28370700000000004,0.056348,0.017693,0.009129,0.047555,0.211524,0.09122999999999999,0.026272000000000004,0.016866,0.031097000000000003,0.008574,0.008365000000000001,0.005686,0.068774,0.12504,5
0.148126,0.238671,0.0069900000000000006,0.172175,0.281884,0.224827,0.093339,0.024431,0.121273,0.064524,0.03889,0.013166999999999998,0.017105000000000002,0.016489,0.013708000000000001,0.033971,0.087893,0.076133,0.011183,0.017792,2
0.103442,0.175677,0.123044,0.167183,0.292209,0.188666,0.088339,0.043239,0.018702,0.025187,0.017903,0.01581,0.042163,0.034496,0.020148,0.008787999999999999,0.006822,0.019505,0.043357,0.015773,0
0.294937,0.354564,0.05193,0.22320900000000002,0.27563200000000004,0.225377,0.037807,0.028088,0.15551199999999998,0.033076,0.017480000000000002,0.007499,0.045263,0.007606,0.02727,0.14291900000000002,0.132036,0.05121900000000001,0.008274,0.011482,2
0.017119,0.121005,0.117826,0.183132,0.29844899999999996,0.24229699999999998,0.079711,0.005222,0.026330000000000003,0.058442999999999995,0.031979,0.013447999999999998,0.005509,0.009394,0.005519,0.004051,0.017043,0.057487,0.025657999999999997,0.007178,0
0.404967,0.1543,0.0072510000000000005,0.227702,0.44967299999999993,0.382897,0.028843,0.049901,0.014202000000000001,0.0034189999999999997,0.013030000000000002,0.128216,0.035567,0.011445,0.007084,0.013468,0.015697,0.006012,0.0074659999999999995,0.016888999999999998,5
0.22116,0.353011,0.24872800000000003,0.336617,0.006531,0.359823,0.019418,0.026572000000000002,0.057852,0.059195000000000005,0.012762,0.25699299999999997,0.46012,0.336838,0.028666000000000004,0.041544,0.010714,0.083634,0.019084,0.031324,5
0.238091,0.282434,0.040367,0.178102,0.221452,0.161209,0.022637,0.014621,0.012241,0.007431,0.026531,0.007561,0.009587,0.041566000000000006,0.010911,0.008833,0.0061340000000000006,0.004523,0.041137,0.029843,0
0.191272,0.30754899999999996,0.22021300000000002,0.298037,0.363304,0.31090500000000004,0.013613,0.011521,0.005054,0.0034850000000000003,0.024805,0.131715,0.037562,0.011396,0.008286,0.022028,0.005893,0.009937,0.005618,0.05822000000000001,5
0.297829,0.11557100000000001,0.225939,0.168079,0.335287,0.228368,0.023237,0.007404000000000001,0.09827000000000001,0.021581,0.010621,0.003918,0.023409,0.005201,0.006606999999999999,0.05611699999999999,0.087022,0.049807,0.009086,0.023629,0
0.177824,0.285103,0.20481999999999997,0.277097,0.016968,0.278843,0.027939,0.023642,0.010369,0.027706,0.133883,0.038383999999999995,0.019518999999999998,0.016256,0.040924,0.010308,0.011943,0.009184999999999999,0.069339,0.09992000000000001,0
0.15195799999999998,0.26016,0.193381,0.265423,0.23830500000000002,0.20278,0.155529,0.017041,0.091348,0.202705,0.177834,0.048535,0.020249,0.032291,0.025936,0.012995,0.030333,0.091339,0.124176,0.038100999999999996,1
0.19808199999999998,0.326725,0.23141,0.310274,0.011664,0.323949,0.009072,0.06600700000000001,0.024666999999999998,0.001887,0.005756,0.260465,0.107832,0.022173,0.004099,0.0033,0.032307,0.004184,0.004957,0.006940000000000001,5
0.434406,0.166983,0.24701900000000002,0.326773,0.012015000000000001,0.345165,0.008095,0.054357,0.025952,0.01028,0.005562,0.13861600000000002,0.169765,0.049836,0.015731000000000002,0.004967,0.007626000000000001,0.034037,0.014102000000000002,0.008829,5
0.193525,0.036917,0.148594,0.001403,0.297171,0.26050300000000004,0.03801,0.014214,0.011197,0.0074849999999999995,0.018892,0.089279,0.036406,0.011949,0.007816,0.014232,0.007640000000000001,0.006294,0.006513,0.022894,5
0.301509,0.116443,0.23163899999999998,0.172623,0.28720999999999997,0.239628,0.025814,0.007437999999999999,0.089135,0.029823000000000002,0.010204000000000001,0.012026,0.004483,0.004755,0.007773,0.03386,0.094213,0.082742,0.005809,0.005803,0
0.198711,0.330702,0.006023,0.237238,0.389516,0.338046,0.026895999999999996,0.028655,0.006734,0.002823,0.00462,0.095748,0.040561,0.013075,0.006657,0.00345,0.008834,0.005895,0.007946,0.0057090000000000005,5
0.23791500000000002,0.08743,0.133456,0.228073,0.269893,0.172826,0.148544,0.12285599999999999,0.065997,0.018777000000000002,0.09346900000000001,0.023831,0.010561,0.14814000000000002,0.03055,0.022024000000000002,0.039567000000000005,0.012,0.066859,0.091664,4
0.196296,0.321904,0.231627,0.309762,0.378728,0.319601,0.011537,0.027524,0.013328,0.004412,0.009341,0.13114800000000001,0.053826,0.013531,0.008554,0.0071909999999999995,0.016872,0.009943,0.011113,0.015566,5
0.445117,0.16750299999999999,0.335522,0.24941,0.41186999999999996,0.35778899999999997,0.005057,0.011736,0.024016,0.007398999999999999,0.0038350000000000003,0.046926,0.11586700000000001,0.042235,0.006662,0.014039,0.003514,0.012454999999999999,0.006499,0.006765,1
0.115042,0.19011199999999998,0.137231,0.183875,0.27118400000000004,0.17305399999999999,0.52279,0.464071,0.139761,0.053047000000000004,0.10770899999999999,0.024495,0.006359,0.133501,0.029869,0.009812000000000001,0.035634,0.022844999999999997,0.031425,0.227609,4
0.18980999999999998,0.297906,0.21552,0.288348,0.35682600000000003,0.30178699999999997,0.018911,0.016323,0.00539,0.008128,0.057109,0.095044,0.021961,0.011173,0.019625,0.013651,0.006274,0.006781000000000001,0.015758,0.134927,5
0.18235,0.306868,0.215864,0.01825,0.271547,0.24036100000000002,0.044071,0.034339,0.01633,0.01589,0.078849,0.143459,0.054315999999999996,0.020048,0.031525,0.027160000000000004,0.012076,0.012287000000000001,0.019119,0.13506700000000002,5
0.43074300000000004,0.165231,0.24199400000000001,0.325596,0.006393,0.348391,0.007470999999999999,0.084498,0.017318,0.006229999999999999,0.008777,0.27924699999999997,0.18476199999999998,0.062495,0.022547,0.004211,0.013299,0.091147,0.018569,0.009106999999999999,1
0.198127,0.3322,0.011629,0.237954,0.389228,0.333733,0.040988,0.038406,0.011656,0.004123,0.00843,0.145225,0.06716799999999999,0.021447,0.010142,0.005167000000000001,0.0137,0.013326,0.00824,0.008768999999999999,5
0.16398900000000002,0.014190000000000001,0.12737300000000001,0.194102,0.097768,0.183129,0.083611,0.015538,0.015315,0.04154,0.061165,0.02384,0.013800999999999999,0.00881,0.015698,0.005533,0.007681,0.014194,0.027116,0.019464,1
0.136229,0.225392,0.160722,0.21720599999999998,0.320865,0.21646999999999997,0.123222,0.149506,0.21924200000000002,0.09998,0.028461,0.031316000000000004,0.027402999999999997,0.009632,0.12250499999999999,0.156746,0.087744,0.02727,0.012347,0.009633,4
0.132546,0.21493800000000002,0.155149,0.210396,0.312971,0.21047399999999997,0.07961599999999999,0.225373,0.139262,0.052110000000000004,0.029460000000000004,0.045715,0.020421,0.014394,0.24386799999999997,0.10526400000000001,0.033894,0.017602,0.031261000000000004,0.011958,4
0.135096,0.22448200000000001,0.01187,0.16564700000000002,0.259844,0.20027999999999999,0.077796,0.062176999999999996,0.069384,0.036392,0.023233,0.020788,0.015646,0.011139,0.056035,0.045874,0.032052,0.023921,0.021207,0.012863999999999999,0
0.193466,0.31702800000000003,0.22539,0.0058,0.367714,0.314797,0.023422,0.052449,0.020443,0.005457,0.047664,0.282269,0.102285,0.030486000000000003,0.01059,0.04493,0.025446,0.014846999999999999,0.008117000000000001,0.078618,5
0.19066,0.315639,0.220685,0.00678,0.36737600000000004,0.313675,0.027488,0.026167000000000003,0.009892,0.007939,0.05362000000000001,0.135179,0.033971,0.013897999999999999,0.022862,0.025742,0.011245999999999999,0.012753,0.012355,0.071424,5
0.266338,0.099473,0.203532,0.151593,0.302158,0.200925,0.059181,0.241749,0.091678,0.032309,0.042181,0.036758,0.012032,0.007687,0.25353200000000004,0.059677999999999995,0.011881999999999998,0.006915,0.010339,0.008156,0
0.251757,0.095449,0.144169,0.193219,0.233657,0.175663,0.09452,0.095451,0.053612,0.034242,0.022656,0.019184,0.013105,0.025068,0.065885,0.017131,0.009984,0.011148,0.014438,0.059124,4
0.21139899999999998,0.075396,0.120806,0.16073199999999999,0.238957,0.144566,0.038457,0.018359999999999998,0.009459,0.023011,0.007056000000000001,0.035385,0.051502,0.035807,0.005438,0.003839,0.009694,0.040686,0.022784,0.007011,0
0.19142699999999999,0.307358,0.21998299999999998,0.0072840000000000005,0.36706300000000003,0.31290300000000004,0.067656,0.035584,0.014875,0.020594,0.098789,0.278573,0.091329,0.031487,0.028739999999999998,0.042104,0.01215,0.015403,0.017096,0.16045,5
0.194959,0.319452,0.22697199999999998,0.304719,0.444247,0.32258200000000004,0.008634000000000001,0.048697000000000004,0.017824,0.005195,0.016087999999999998,0.266884,0.09388400000000001,0.017612,0.009738,0.017481,0.023267,0.009436,0.008764,0.027984,5
0.193718,0.315911,0.220315,0.012006999999999999,0.298198,0.249331,0.04503,0.03209,0.018505,0.012381,0.071113,0.16867000000000001,0.072982,0.026633999999999998,0.029098000000000002,0.035269999999999996,0.022346,0.017907,0.01581,0.0817,5
0.138596,0.23385300000000003,0.165733,0.22592199999999998,0.330663,0.22664299999999998,0.39015700000000003,0.166293,0.616488,0.327809,0.12269000000000001,0.022397,0.07045900000000001,0.014322999999999999,0.06730900000000001,0.30090700000000004,0.319363,0.13333299999999998,0.01786,0.056991,4
0.18201900000000001,0.307194,0.220085,0.29293,0.012237999999999999,0.301121,0.007134000000000001,0.009109,0.005754,0.004673,0.026402,0.049162,0.013975999999999999,0.00933,0.011786,0.014065000000000001,0.007170999999999999,0.008184,0.007402,0.040024000000000004,1
0.44898699999999997,0.176674,0.336543,0.25037,0.41611800000000004,0.363119,0.007744,0.008556999999999999,0.056087,0.012596,0.004897,0.03292,0.135126,0.057385000000000005,0.009689,0.021595,0.0042049999999999995,0.012197,0.009408,0.00807,1
0.18096500000000001,0.297633,0.214079,0.286978,0.006608,0.298877,0.018563999999999997,0.025197999999999998,0.00477,0.011801,0.165268,0.18552000000000002,0.026947000000000002,0.012875,0.042637,0.012956,0.007698,0.008316,0.017322999999999998,0.298193,1
0.14523,0.23642399999999997,0.167621,0.22848200000000002,0.340073,0.23359699999999997,0.16661600000000001,0.041975,0.302844,0.14518499999999998,0.054278,0.012034999999999999,0.045529,0.013587,0.011706999999999999,0.085926,0.174067,0.097316,0.015216999999999998,0.033616,2
0.432886,0.165879,0.325639,0.244546,0.5623670000000001,0.42231199999999997,0.004011,0.031419,0.006940000000000001,0.002973,0.002991,0.09814099999999999,0.099537,0.03295,0.014001,0.004108,0.0030859999999999998,0.017856999999999998,0.009647,0.005239,1
0.191234,0.308257,0.215788,0.0013880000000000001,0.291758,0.25337800000000005,0.026229000000000002,0.017081,0.010077,0.007331,0.035615,0.100861,0.032128,0.012498,0.014905000000000002,0.01243,0.009304,0.008715,0.007906999999999999,0.063168,5
0.191403,0.30648600000000004,0.215788,0.29284099999999996,0.006389,0.30290900000000004,0.026144999999999998,0.031925,0.009273,0.012493,0.09287000000000001,0.152281,0.056696,0.022826,0.039211,0.031987,0.011698,0.013694999999999999,0.014832,0.117584,5
0.19705999999999999,0.329694,0.0073939999999999995,0.232502,0.37938,0.32665,0.029044,0.051414999999999995,0.01976,0.0022600000000000003,0.011406,0.205544,0.091124,0.034048,0.010088,0.009647,0.026407,0.012925999999999998,0.007845999999999999,0.011366,5
0.146222,0.23623899999999998,0.22229200000000002,0.17206,0.276484,0.216933,0.083049,0.033043,0.12831700000000001,0.064052,0.035106,0.01495,0.015843,0.013921000000000001,0.021881,0.072135,0.084638,0.05633200000000001,0.015084,0.015378999999999999,0
0.13521,0.353774,0.110866,0.22772699999999998,0.017415,0.21730100000000002,0.183179,0.140738,0.237285,0.137526,0.103651,0.054000000000000006,0.059583000000000004,0.037441,0.063471,0.07394500000000001,0.090223,0.077155,0.046484,0.064551,2
0.387725,0.151069,0.216502,0.293493,0.038939,0.232843,0.021443,0.011542,0.005449,0.006166,0.020803,0.051526999999999996,0.013981,0.008793,0.013116,0.016852000000000002,0.004678,0.008721,0.009770000000000001,0.077529,5
0.180882,0.296844,0.21392600000000003,0.28342,0.012596,0.292214,0.020861,0.030680000000000002,0.005411,0.011687000000000001,0.156256,0.176178,0.026463,0.012255,0.055746000000000004,0.014512,0.012107999999999999,0.008748,0.022985,0.163518,1
0.20638499999999999,0.32934,0.007531,0.232873,0.373766,0.32103899999999996,0.066719,0.035329,0.02365,0.00777,0.015366,0.103699,0.045028,0.021994,0.015123,0.008243,0.024094,0.015096,0.008981,0.015266,5
0.20564200000000002,0.329395,0.001443,0.238569,0.032977,0.269445,0.013803999999999999,0.036008,0.008177,0.005128,0.007297,0.111793,0.051871,0.020291999999999998,0.013269999999999999,0.004076,0.00804,0.010503,0.010948000000000001,0.009969,5
0.494217,0.037228,0.08993,0.007304000000000001,0.038620999999999996,0.23188899999999998,0.036227999999999996,0.012368,0.011347,0.027589,0.012414,0.009387000000000001,0.012072,0.028417,0.017831,0.009406,0.0065780000000000005,0.009581999999999999,0.011798999999999999,0.021774,1
0.444219,0.177361,0.33687399999999995,0.25450500000000004,0.033585000000000004,0.29253,0.026128,0.048117,0.056997000000000006,0.02131,0.009597,0.086245,0.208058,0.085408,0.02009,0.036441,0.009668000000000001,0.01124,0.017702000000000002,0.0171,5
0.138797,0.235438,0.166932,0.225935,0.330776,0.2259,0.295903,0.10860299999999999,0.429834,0.253327,0.092942,0.012176000000000001,0.048749,0.01659,0.03871,0.143075,0.16525,0.10179099999999999,0.012865000000000001,0.026068,2
0.119458,0.200443,0.143021,0.194179,0.28652,0.186912,0.079606,0.137809,0.058683000000000006,0.014256999999999999,0.015786,0.016094999999999998,0.007381,0.010759999999999999,0.057672,0.010597,0.00555,0.016094999999999998,0.007989,0.10340799999999999,4
0.179811,0.316456,0.297902,0.2319,0.265646,0.165722,0.018092,0.027201999999999997,0.013818,0.017865,0.06974,0.081165,0.029427999999999996,0.019855,0.022069,0.01441,0.018247,0.014127,0.034661000000000004,0.070001,1
0.42075799999999997,0.517237,0.324402,0.07789,0.13133699999999998,0.250152,0.012137,0.052808,0.009029,0.0054329999999999995,0.008651,0.098728,0.029426,0.011362,0.024166,0.006063000000000001,0.0073219999999999995,0.021555,0.016038,0.018018,5
0.40113200000000004,0.15406,0.005929,0.299701,0.36772699999999997,0.314236,0.032583999999999995,0.022203,0.0062,0.004906000000000001,0.013696000000000002,0.063299,0.019658000000000002,0.010253,0.006668,0.012742,0.006332,0.006076,0.005744,0.031516,5
0.179147,0.293193,0.20924600000000002,0.281206,0.006628,0.288883,0.021547999999999998,0.021357,0.0036490000000000003,0.014352,0.169151,0.095481,0.013663999999999999,0.00811,0.037512000000000004,0.005396,0.009717,0.006744,0.027509,0.150264,1
0.102717,0.174354,0.122993,0.166991,0.248968,0.15346600000000002,0.059694000000000004,0.0272,0.011828,0.019966,0.009602,0.011502,0.061899,0.045798,0.015672,0.004118999999999999,0.003152,0.011728,0.029171,0.006079,4
0.165527,0.273499,0.19407,0.260764,0.578468,0.44573599999999997,0.029695999999999997,0.003633,0.006551,0.033721,0.068772,0.012181,0.006556,0.005868,0.009289,0.0060490000000000006,0.00511,0.010199,0.052496,0.020413,0
0.429845,0.166402,0.236817,0.315701,0.002202,0.339063,0.013144,0.079399,0.035476,0.005657,0.009812000000000001,0.21562699999999999,0.12406700000000001,0.055151,0.015632,0.005494,0.035693,0.031163,0.02206,0.009889,5
0.39159499999999997,0.15302000000000002,0.297775,0.221762,0.363442,0.307082,0.031523,0.037641,0.010232999999999999,0.0061600000000000005,0.029511000000000003,0.10373299999999999,0.028310000000000002,0.014043,0.013922,0.039549,0.00988,0.016553000000000002,0.010081,0.085428,5
0.40165,0.154864,0.22553099999999998,0.303874,0.372589,0.319952,0.022291,0.034102,0.009462,0.002499,0.008202,0.073774,0.015244999999999998,0.007034,0.004573,0.019277000000000002,0.01122,0.0050219999999999996,0.005745,0.032954000000000004,5
0.13278099999999998,0.21662399999999998,0.155633,0.26616599999999996,0.31346,0.211017,0.101358,0.194391,0.177741,0.0687,0.019827,0.044786,0.013547,0.013562000000000001,0.12743800000000002,0.070464,0.025117,0.020584,0.028163999999999998,0.010168,4
0.219308,0.080838,0.166728,0.12376600000000001,0.24883000000000002,0.15395999999999999,0.028206000000000002,0.014497999999999999,0.016871,0.015955,0.008764,0.019813,0.076072,0.05703300000000001,0.013896,0.0038469999999999997,0.002595,0.011387999999999999,0.029252999999999998,0.008823000000000001,0
0.20822399999999996,0.34059,0.242071,0.325212,0.022481,0.28074699999999997,0.011689,0.028707999999999997,0.008337,0.00344,0.004254,0.118907,0.101212,0.042901,0.01188,0.0024760000000000003,0.006043,0.020606,0.007909000000000001,0.007955,5
0.449298,0.168203,0.33603299999999997,0.25439,0.573368,0.500405,0.01138,0.008337,0.034247,0.012699,0.006551,0.037121,0.101216,0.048532,0.008331999999999999,0.013813999999999998,0.006701,0.007429000000000001,0.011714,0.011018,5
0.390317,0.152317,0.00718,0.02308,0.21218,0.24832100000000001,0.030743,0.013666,0.005409000000000001,0.005162,0.019244999999999998,0.050200999999999996,0.017001,0.008789,0.0076950000000000005,0.006906,0.005782,0.005783,0.007016,0.050891000000000006,5
0.22052800000000003,0.353202,0.24798800000000001,0.006804999999999999,0.258842,0.270873,0.021700999999999998,0.020968,0.035588,0.016069999999999997,0.007287,0.108884,0.225608,0.171846,0.01913,0.015590000000000001,0.008047,0.032253,0.019665000000000002,0.012144,5
0.162237,0.27132,0.192603,0.255836,0.379067,0.266237,0.047663,0.002525,0.010153,0.07518,0.08472400000000001,0.011637999999999999,0.011112,0.004723,0.010764,0.004070000000000001,0.002627,0.010214,0.07316,0.010675,1
0.302494,0.11801700000000001,0.171663,0.23151599999999997,0.0009570000000000001,0.22977399999999998,0.025893,0.009505,0.099563,0.033977999999999994,0.015249,0.01107,0.01379,0.013706,0.010759999999999999,0.030963,0.098631,0.098013,0.013913,0.022076,4
0.163733,0.166018,0.007081999999999999,0.144886,0.227692,0.176406,0.079449,0.035437,0.030583999999999997,0.036404,0.062523,0.060439,0.037278,0.035618000000000004,0.022687,0.010918,0.015569,0.01481,0.021425,0.052147000000000006,1
0.14821199999999998,0.23878000000000002,0.17216099999999998,0.231567,0.34034899999999996,0.23418899999999998,0.143951,0.025554,0.2649,0.135225,0.068855,0.018057,0.032114,0.044344,0.010288,0.059351999999999995,0.185911,0.152029,0.022318,0.062453999999999996,2
0.22532399999999997,0.374666,0.352535,0.261058,0.42674300000000004,0.378864,0.0076950000000000005,0.0033840000000000003,0.0336,0.006114,0.002865,0.009689,0.044485000000000004,0.08576900000000001,0.007117,0.0036299999999999995,0.00838,0.003324,0.014381,0.0071010000000000005,5
0.300435,0.48621099999999995,0.170758,0.346997,0.45392,0.350846,0.012729,0.0050880000000000005,0.121217,0.014468,0.005064,0.006201,0.021783,0.008214,0.005926,0.048494999999999996,0.133329,0.094966,0.010868000000000001,0.00882,2
0.102789,0.167961,0.122116,0.166953,0.24952,0.155594,0.18059,0.09723899999999999,0.066093,0.062171000000000004,0.056272,0.094417,0.151452,0.11765999999999999,0.046076,0.026886,0.033716,0.075099,0.104276,0.041344,0
0.182668,0.305615,0.011063,0.215836,0.427983,0.358034,0.032149000000000004,0.010678,0.004233,0.005419,0.038742,0.07359199999999999,0.01896,0.00773,0.014187,0.007377,0.004525,0.004729,0.007515000000000001,0.069779,5
0.430536,0.165735,0.23833400000000002,0.001715,0.320126,0.289304,0.018205000000000002,0.046276,0.016722,0.007084,0.007669,0.118735,0.072275,0.029336,0.013529,0.008286,0.012551999999999999,0.025417,0.014233,0.01644,5
0.137373,0.23555,0.166052,0.28189699999999995,0.330977,0.226096,0.046906,0.025969,0.113168,0.039993,0.024117,0.006697,0.047766,0.00805,0.009993,0.061469,0.060902,0.036004,0.008181,0.022673,2
0.435201,0.174743,0.331518,0.248527,0.406018,0.354984,0.013684,0.05293200000000001,0.032162,0.01288,0.004255,0.128833,0.21161999999999997,0.09262000000000001,0.01111,0.028122,0.004331000000000001,0.038245999999999995,0.008776,0.011073000000000001,5
0.18171099999999998,0.303517,0.286833,0.21600300000000003,0.35294200000000003,0.299157,0.008145,0.00854,0.002092,0.0033009999999999997,0.040292,0.055748,0.009892,0.005122,0.015350999999999998,0.007375,0.0026620000000000003,0.003201,0.007729000000000001,0.11736300000000001,5
0.238906,0.012866999999999998,0.017712000000000002,0.167055,0.259969,0.301752,0.097166,0.052927999999999996,0.054001,0.037401,0.039666,0.074089,0.08607000000000001,0.082153,0.075545,0.049510000000000005,0.034675,0.029908999999999998,0.03694,0.031605,1
0.389038,0.15251900000000002,0.22048099999999998,0.29767899999999997,0.362577,0.31819899999999995,0.012332,0.020844,0.007358,0.00405,0.027324,0.101483,0.031854,0.01266,0.0174,0.056266,0.007902,0.012536,0.0078,0.11819,5
0.191307,0.308883,0.0063479999999999995,0.221737,0.027938,0.243612,0.027953,0.016464,0.008867,0.00892,0.032543,0.065347,0.021994,0.01245,0.010423,0.013609,0.007712,0.009327,0.014053,0.059137,5
0.16208499999999998,0.262511,0.188331,0.254454,0.373842,0.262208,0.117068,0.01093,0.037038999999999996,0.160884,0.165419,0.034638,0.017689,0.009888,0.017912,0.007106,0.01094,0.044232,0.114764,0.028564999999999997,0
0.193995,0.31754499999999997,0.226334,0.304885,0.374055,0.321635,0.007481,0.020033000000000002,0.008559,0.0038420000000000004,0.010094,0.08870499999999999,0.028913,0.01007,0.0044670000000000005,0.011009,0.010690999999999999,0.005978,0.006831,0.018596,5
0.147715,0.235514,0.006000999999999999,0.22119899999999998,0.270845,0.21204099999999998,0.16909200000000002,0.056812,0.161857,0.132495,0.09106399999999999,0.023413999999999997,0.01696,0.015124,0.042338,0.070117,0.08133,0.061336,0.023249000000000002,0.019923,0
0.133921,0.223872,0.16039,0.215977,0.006361,0.16138,0.10007200000000001,0.132154,0.141586,0.063708,0.022914,0.032582,0.021664,0.010983,0.09260499999999999,0.074603,0.045126,0.015865999999999998,0.016488,0.016394,4
0.210186,0.343613,0.24366500000000002,0.327362,0.40058,0.353406,0.011543000000000001,0.020634,0.013675999999999999,0.009058,0.00502,0.141646,0.17488099999999998,0.10353,0.013494999999999998,0.00732,0.007024,0.040208999999999995,0.013724,0.007248,1
0.181746,0.305043,0.216158,0.29206,0.427795,0.31150100000000003,0.011595999999999999,0.016515000000000002,0.00323,0.008048,0.072246,0.116559,0.025001,0.011327,0.025471,0.026327,0.004417,0.008883,0.009035,0.16608900000000001,1
0.212035,0.35401900000000003,0.007176999999999999,0.244854,0.335412,0.273475,0.06995499999999999,0.037269,0.064599,0.017688,0.010843,0.127351,0.227458,0.16323900000000002,0.029425,0.016513999999999997,0.013934,0.041429,0.03134,0.014858000000000001,5
0.404138,0.154856,0.22576,0.304105,0.368792,0.319847,0.023056,0.048958,0.013505000000000001,0.008296,0.024049,0.10266199999999999,0.031677,0.01883,0.010665000000000001,0.022081,0.015031999999999998,0.011179999999999999,0.008801999999999999,0.032077999999999995,5
0.39004,0.15251900000000002,0.220047,0.294428,0.032972,0.290215,0.015406,0.028187,0.007241,0.0032600000000000003,0.021925999999999998,0.07806,0.019668,0.00859,0.013077000000000002,0.030219,0.008056,0.014037,0.0077930000000000004,0.13239700000000001,5
0.162918,0.270966,0.193305,0.260329,0.383414,0.269908,0.082699,0.012347,0.040133999999999996,0.12800599999999998,0.14111700000000002,0.038442000000000004,0.019094999999999997,0.014486,0.029958999999999996,0.013772999999999999,0.015330000000000002,0.043932,0.17582799999999998,0.036995,1
0.137646,0.234062,0.16580999999999999,0.22224899999999997,0.32931,0.224521,0.158289,0.077412,0.302033,0.133659,0.044689,0.0058460000000000005,0.033394,0.006993999999999999,0.028288,0.151345,0.147654,0.065468,0.006311,0.014445,4
0.38613600000000003,0.143301,0.21980500000000003,0.293045,0.00561,0.310449,0.024924,0.040474,0.01344,0.014991999999999998,0.103577,0.11881400000000002,0.044405,0.026139,0.041874,0.055491,0.018251,0.024398,0.020041,0.272268,5
0.028877,0.120717,0.116478,0.028463,0.12507200000000002,0.067367,0.183264,0.069882,0.093971,0.10460599999999999,0.106898,0.069513,0.04195,0.047369999999999995,0.077231,0.052703,0.062294,0.08981900000000001,0.091967,0.069323,0
0.177727,0.285076,0.203481,0.006586,0.335325,0.279334,0.044664999999999996,0.014427,0.010373,0.032732,0.135015,0.044900999999999996,0.015944,0.015022,0.021619,0.008888,0.009556,0.009043,0.070614,0.10029,2
0.252417,0.094711,0.14365899999999998,0.19437100000000002,0.287222,0.188298,0.045279,0.089824,0.026938,0.01669,0.008886,0.014695,0.008265999999999999,0.013512999999999999,0.080787,0.007504,0.005888,0.027416000000000003,0.008848,0.042065,4
0.179797,0.283551,0.0073030000000000005,0.028217000000000002,0.282386,0.230314,0.10798699999999999,0.034224,0.034253,0.07437200000000001,0.176858,0.14060699999999998,0.053827999999999994,0.030974,0.036001,0.020174,0.02231,0.036645,0.111703,0.144733,1
0.403447,0.154564,0.304176,0.227113,0.5246890000000001,0.448191,0.009303,0.028093,0.0066370000000000005,0.0047810000000000005,0.0077989999999999995,0.071871,0.019704,0.006515000000000001,0.005743,0.007540000000000001,0.008001000000000001,0.006063000000000001,0.009321,0.018474,5
0.197875,0.332881,0.23665100000000003,0.316162,0.38874000000000003,0.333382,0.027955,0.088409,0.026414999999999998,0.0073409999999999994,0.013614,0.305098,0.137141,0.038517,0.027011,0.009231999999999999,0.028408,0.022758,0.013375999999999999,0.014269,1
0.446396,0.175174,0.24917399999999998,0.337065,0.006311,0.36382,0.0061649999999999995,0.006873000000000001,0.026186,0.010844,0.0045590000000000006,0.024967,0.098839,0.039254000000000004,0.007519,0.010424,0.004222,0.010961,0.008754000000000001,0.009822,5
0.414296,0.157166,0.310336,0.232886,0.383627,0.339028,0.001173,0.062121,0.009574,0.00062,0.001562,0.126218,0.021232,0.004442,0.004629,0.000825,0.01439,0.001816,0.002554,0.004213000000000001,1
0.204765,0.33124699999999996,0.232277,0.31504899999999997,0.097687,0.27453,0.004248,0.019828,0.006619,0.002836,0.005863,0.109723,0.069502,0.0203,0.008181,0.002843,0.008364,0.006228,0.007078,0.005771,1
0.18166600000000002,0.297824,0.21447399999999997,0.006998999999999999,0.033204000000000004,0.23351599999999997,0.031014999999999997,0.019354,0.006679999999999999,0.010992,0.076356,0.106171,0.024945,0.011225,0.028738999999999997,0.012144,0.007943,0.009339,0.016205,0.10847899999999999,1
0.451613,0.17617,0.341644,0.255874,0.42205699999999996,0.36743200000000004,0.009302,0.004477,0.042231,0.008471,0.002061,0.017531,0.093669,0.046986,0.004939,0.008424,0.003625,0.0036729999999999996,0.009038,0.005082,1
0.20721799999999999,0.332881,0.022522,0.239081,0.389817,0.327316,0.043898,0.035573,0.015491,0.008908,0.012329999999999999,0.191294,0.128884,0.068881,0.016784,0.006794,0.014093000000000001,0.023956,0.013269999999999999,0.008717,5
0.38990199999999997,0.15270899999999998,0.22023800000000002,0.294325,0.432331,0.36546799999999996,0.017515,0.023285,0.006211,0.003503,0.025698000000000002,0.101358,0.028722,0.008262,0.017218999999999998,0.028768000000000002,0.007953,0.006194,0.005255,0.128357,5
0.061426,0.083423,0.055358000000000004,0.083616,0.10843,0.025806,0.088254,0.022319,0.020216,0.019015,0.016888,0.013915,0.009364,0.010591,0.012734,0.007333,0.008274,0.008095,0.008003,0.010265999999999999,0
0.47880600000000006,0.18982000000000002,0.0014789999999999998,0.017553,0.26542,0.325387,0.034787,0.017285,0.024899,0.019412000000000002,0.009512999999999999,0.011068000000000001,0.027795,0.072884,0.026943,0.010894,0.010762,0.009491,0.018224,0.009545,1
0.20504499999999998,0.33061999999999997,0.233157,0.31552199999999997,0.384905,0.332401,0.013818,0.044965,0.0225,0.002815,0.005371,0.161649,0.062328999999999996,0.019711000000000003,0.011316,0.003278,0.029324,0.012066,0.006734,0.005640999999999999,5
0.26920900000000003,0.098724,0.15066,0.204841,0.006945000000000001,0.191801,0.062497000000000004,0.19264,0.08336,0.032805,0.034158999999999995,0.050363,0.015788,0.007968000000000001,0.166633,0.05823,0.01949,0.010389,0.013209,0.014112999999999999,0
0.40310100000000004,0.15479300000000001,0.22672899999999999,0.305039,0.44966000000000006,0.329034,0.00266,0.02607,0.010920000000000001,0.001186,0.003848,0.087022,0.024352000000000002,0.0048530000000000005,0.001709,0.010828,0.014088,0.002175,0.004645000000000001,0.008615000000000001,5
0.19576400000000002,0.320079,0.230938,0.304975,0.37849,0.328017,0.020893000000000002,0.066695,0.037432,0.005629,0.017828,0.33571999999999996,0.132298,0.028551999999999998,0.008855,0.024878,0.048931,0.009271,0.013340000000000001,0.026299,1
0.44829600000000003,0.17646199999999998,0.331187,0.249487,0.405592,0.356877,0.005357,0.017381999999999998,0.057492999999999995,0.012476000000000001,0.003751,0.047109,0.135132,0.06787,0.011204,0.018698,0.004277,0.022279,0.011066,0.011869,3
0.2581,0.09756000000000001,0.148428,0.199747,0.29752199999999995,0.19686800000000002,0.020980000000000002,0.058237,0.020634,0.014591999999999999,0.012209000000000001,0.011226,0.010812,0.0039700000000000004,0.058173,0.01202,0.009396,0.009828,0.011168,0.011009999999999999,4
0.20960900000000002,0.344512,0.243448,0.012263,0.40123200000000003,0.345761,0.054060000000000004,0.047059,0.043401,0.019901,0.038361,0.309419,0.382361,0.20836300000000002,0.037173000000000005,0.018743,0.022111000000000002,0.07713400000000001,0.037024,0.037215,5
0.131807,0.210585,0.14436,0.19478,0.23829299999999998,0.177213,0.131076,0.178564,0.11796300000000001,0.075007,0.047182999999999996,0.048947000000000004,0.019505,0.017973,0.110259,0.040427,0.017038,0.031841,0.025026,0.10865899999999999,4
0.271054,0.098004,0.154014,0.206083,0.303749,0.203794,0.032936,0.160563,0.038175,0.018749000000000002,0.029668,0.035355000000000004,0.010026,0.009781999999999999,0.226174,0.095401,0.023341,0.012084000000000001,0.017093,0.00805,2
0.208148,0.34121599999999996,0.012276,0.243446,0.389617,0.33422399999999997,0.07344500000000001,0.061723,0.030642000000000003,0.010964,0.018719,0.287315,0.22721999999999998,0.114595,0.022678,0.011792,0.022506,0.042808,0.017731999999999998,0.021619,5
0.14786,0.24563600000000002,0.172505,0.233884,0.346401,0.23841500000000002,0.320388,0.039306,0.32287,0.30849299999999996,0.148134,0.024745,0.017606999999999998,0.031849,0.01242,0.033098,0.153544,0.189923,0.023679,0.022343000000000002,0
0.136153,0.353256,0.106198,0.017557,0.276384,0.21139899999999998,0.09335700000000001,0.063783,0.11620599999999999,0.057166999999999996,0.027483999999999998,0.022598,0.030224,0.013500999999999999,0.035689,0.042099,0.03177,0.019962,0.015337,0.020194,2
0.194713,0.319616,0.30403600000000003,0.227958,0.373892,0.321425,0.007091,0.030174,0.009382999999999999,0.000646,0.004143,0.120468,0.034635,0.0043,0.000941,0.00801,0.01241,0.001749,0.003358,0.007458,5
0.223575,0.364669,0.258994,0.348034,0.42698100000000005,0.380652,0.004099,0.002365,0.027062,0.006779,0.0019010000000000001,0.005832,0.057734,0.071905,0.0047,0.002787,0.003821,0.0032,0.013798,0.00625,5
0.281437,0.106931,0.21466500000000002,0.160156,0.318434,0.21484299999999998,0.050837,0.218034,0.140347,0.038232999999999996,0.017238,0.056018,0.019030000000000002,0.015923,0.296614,0.22961900000000002,0.087091,0.014712000000000001,0.033247000000000006,0.017569,4
0.41861499999999996,0.156613,0.006142,0.31513800000000003,0.028223,0.266822,0.037176999999999995,0.055760000000000004,0.017453,0.004935,0.009101999999999999,0.13331800000000002,0.046820999999999995,0.017015,0.018824,0.0048119999999999994,0.018143,0.012406,0.007404000000000001,0.011495,5
0.24254499999999998,0.09336,0.138047,0.187599,0.22887,0.17765799999999998,0.0475,0.061026,0.024222999999999998,0.016729,0.021143000000000002,0.011593000000000001,0.006228,0.028381,0.021731,0.005517,0.010955,0.007612000000000001,0.008011,0.058048,4
0.178532,0.014957,0.139272,0.21055,0.27639600000000003,0.229925,0.06438200000000001,0.02995,0.020202,0.034845,0.08723099999999999,0.06425800000000001,0.023137,0.013987000000000001,0.034816,0.010277,0.007914000000000001,0.013052000000000001,0.020203,0.062703,5
0.1932,0.317137,0.017032,0.22701,0.373015,0.313324,0.012706,0.009243000000000001,0.0041659999999999996,0.003196,0.010662,0.06771,0.022831999999999998,0.005993,0.0059700000000000005,0.005441,0.005149,0.0034240000000000004,0.004719,0.014336000000000002,5
0.193159,0.308502,0.22069699999999998,0.007242,0.357528,0.303646,0.034631999999999996,0.030505,0.011687000000000001,0.012629999999999999,0.050487,0.085608,0.035935,0.020472,0.020158000000000002,0.019932,0.011143,0.010708,0.009503,0.077909,5
0.489345,0.18765199999999999,0.368259,0.271119,0.033649,0.322897,0.014200999999999998,0.006078,0.022644,0.034873,0.009701999999999999,0.005370000000000001,0.020052,0.14716500000000002,0.008705,0.004207,0.004666,0.026374,0.020479,0.00581,1
0.091677,0.15646300000000002,0.111768,0.155305,0.011927,0.125244,0.078479,0.048408,0.040882,0.026378,0.021363999999999998,0.136465,0.06880499999999999,0.030574,0.021432,0.022668,0.049347,0.054687,0.020144,0.01625,0
0.43371499999999996,0.166236,0.24296399999999999,0.32705500000000004,0.40137,0.350039,0.005906000000000001,0.022646,0.00755,0.003124,0.002663,0.084097,0.08634299999999999,0.031461,0.007981,0.002501,0.003811,0.03277,0.006705,0.005384000000000001,5
0.002284,0.17710499999999998,0.177032,0.26605,0.108749,0.284464,0.052174,0.013328,0.02465,0.019826,0.017018000000000002,0.022371000000000002,0.043943,0.07182999999999999,0.018757,0.009086,0.014359,0.012133,0.052896000000000006,0.013026,1
0.212546,0.35124,0.24826900000000002,0.332956,0.407134,0.352389,0.003722,0.005640999999999999,0.009703,0.004553,0.001164,0.029807,0.079721,0.042873,0.002467,0.003941,0.001545,0.009054000000000001,0.003288,0.0038840000000000003,1
0.268345,0.10436199999999998,0.200459,0.15123499999999998,0.29901300000000003,0.195721,0.018904,0.082004,0.025851,0.012806,0.018902000000000002,0.012779,0.007422,0.004873,0.106215,0.036688,0.009774,0.00413,0.006828,0.007254000000000001,4
0.264393,0.422771,0.045867000000000005,0.149404,0.244608,0.192748,0.042607,0.21349,0.032692,0.027491,0.032843000000000004,0.021185,0.018574,0.011146,0.334973,0.068898,0.021312,0.019318000000000002,0.029879000000000003,0.018731,0
0.135483,0.22467800000000002,0.160326,0.216271,0.319725,0.215488,0.07586699999999999,0.09618,0.130866,0.059833000000000004,0.017751,0.016686000000000003,0.012491,0.007481999999999999,0.08025499999999999,0.079015,0.045902,0.013656,0.012391,0.007609,0
0.23700900000000003,0.094591,0.132742,0.012081,0.184452,0.128512,0.090433,0.051401,0.042115,0.032707,0.051783,0.024902,0.031744,0.055202,0.02893,0.021155,0.014563,0.013311000000000002,0.058915999999999996,0.057438,0
0.270861,0.104599,0.205394,0.155024,0.30491399999999996,0.20218,0.029153,0.18146400000000001,0.06653400000000001,0.022432,0.031481,0.025304,0.006523,0.005146,0.22190500000000002,0.085675,0.010512,0.005776,0.010745000000000001,0.002534,4
0.134744,0.223818,0.15545499999999998,0.007213,0.26006999999999997,0.20013599999999998,0.23165100000000002,0.19852899999999998,0.192528,0.123876,0.07748200000000001,0.05955,0.030889,0.025484,0.12979100000000002,0.071739,0.052877999999999994,0.06185,0.033782,0.02333,0
0.265972,0.098108,0.200102,0.253596,0.346639,0.236479,0.03258,0.103947,0.042917000000000004,0.01583,0.017588,0.008943000000000001,0.010137,0.004495,0.098026,0.025074000000000003,0.007690000000000001,0.005638000000000001,0.008741,0.010689,4
0.19216,0.31599299999999997,0.22171799999999997,0.298511,0.03348,0.29509,0.004432,0.010846,0.004131,0.004353,0.013623,0.080747,0.024965,0.006052,0.006431,0.008284999999999999,0.005159,0.0069099999999999995,0.00618,0.025186,1
0.224446,0.36537800000000004,0.012004,0.26605,0.346677,0.269519,0.070732,0.041238,0.071562,0.026325,0.035001,0.08469600000000001,0.170872,0.200503,0.059939,0.021703999999999998,0.021534,0.019631,0.050713999999999995,0.031962,1
0.40552,0.15576500000000001,0.308461,0.028194999999999998,0.00645,0.259799,0.018856,0.03065,0.01178,0.002849,0.00611,0.082526,0.027180000000000003,0.011694,0.008239,0.008068,0.015612000000000001,0.0067870000000000005,0.006412,0.011104000000000001,5
0.192233,0.309128,0.221106,0.006520000000000001,0.36735100000000004,0.314166,0.017692,0.011323999999999999,0.0057740000000000005,0.003578,0.013527,0.07520800000000001,0.024474,0.007226000000000001,0.007456,0.013791,0.005829,0.006834000000000001,0.005699,0.028970999999999997,5
0.181898,0.306868,0.21616999999999997,0.292265,0.005932,0.30178699999999997,0.018321,0.025414,0.005313,0.012278,0.063992,0.11576199999999999,0.04035,0.015130000000000001,0.033973,0.033851,0.008778,0.007901,0.01197,0.11969400000000001,5
0.196683,0.012551999999999999,0.155404,0.237071,0.389266,0.33811599999999997,0.039915,0.022084,0.011639,0.002934,0.008624,0.088153,0.037023,0.01746,0.012656,0.004535,0.014868000000000001,0.009544,0.011120999999999999,0.010526,5
0.312283,0.119112,0.232417,0.173238,0.001695,0.232857,0.046877999999999996,0.015115,0.113197,0.078943,0.033033,0.026220999999999998,0.010828,0.019594,0.010343000000000001,0.018054,0.10491199999999999,0.156083,0.026463999999999998,0.015027,0
0.191248,0.308093,0.21613200000000002,0.297653,0.006979000000000001,0.309151,0.013845,0.024533000000000003,0.004905,0.007234999999999999,0.052299,0.176695,0.053433,0.009588,0.022087,0.022503,0.005084,0.011356999999999999,0.007022,0.091596,5
0.39968000000000004,0.154719,0.220914,0.297538,0.001231,0.312553,0.014093000000000001,0.040083,0.0076760000000000005,0.00713,0.027353,0.127237,0.044877,0.021700999999999998,0.012374,0.035824,0.007508,0.017904,0.008242,0.089635,5
0.255772,0.09494,0.144947,0.195715,0.022462,0.169958,0.031089999999999996,0.054562,0.019614,0.010320000000000001,0.01235,0.01179,0.0067150000000000005,0.007195999999999999,0.053911,0.012871,0.009323,0.013227000000000001,0.008140999999999999,0.02452,2
0.38817399999999996,0.145837,0.292622,0.220214,0.361825,0.316515,0.009507999999999999,0.011715999999999999,0.002462,0.001906,0.021552,0.047633,0.010917,0.006625,0.010189,0.027822000000000003,0.002151,0.009287,0.003151,0.144674,5
0.46239399999999997,0.178064,0.006447,0.348597,0.033483,0.301437,0.030151,0.013424,0.09327200000000001,0.016225,0.006755,0.034652999999999996,0.134113,0.140798,0.011476,0.010776,0.019521,0.008140999999999999,0.02568,0.011195,5
0.1914,0.309183,0.2202,0.294479,0.0070599999999999994,0.308695,0.0088,0.014412000000000001,0.005013,0.005012,0.026139,0.14963800000000002,0.042019,0.010118,0.010265999999999999,0.024047,0.005444,0.009287,0.005749,0.054361,5
0.192091,0.316265,0.22183200000000003,0.298921,0.011833,0.310379,0.013184999999999999,0.030125,0.011793999999999999,0.005485,0.035726999999999995,0.2277,0.063336,0.015557,0.0082,0.029141000000000004,0.014856999999999999,0.010126999999999999,0.00442,0.059937,5
0.224239,0.36851,0.260588,0.349583,0.427745,0.38159899999999997,0.008531,0.0033439999999999998,0.037127999999999994,0.009448,0.003585,0.01193,0.069062,0.12176700000000001,0.00936,0.0036880000000000003,0.01125,0.0041259999999999995,0.049468,0.018782,3
0.282806,0.108244,0.215698,0.16089900000000001,0.320088,0.21618600000000002,0.030319,0.076262,0.072739,0.024263,0.012505,0.018653,0.011729,0.008987,0.09625,0.098437,0.045488,0.008786,0.010251999999999999,0.008159999999999999,4
0.388831,0.45954399999999995,0.07156799999999999,0.288655,0.005715,0.298666,0.009459,0.034355000000000004,0.003978,0.004575,0.030789999999999998,0.06136799999999999,0.013934,0.011746,0.035480000000000005,0.021175,0.007198,0.008483,0.011656,0.182538,5
0.299242,0.116979,0.17052799999999999,0.227343,0.017363999999999997,0.215509,0.049169,0.013942,0.104925,0.039339,0.020118,0.00645,0.019756,0.01051,0.007093,0.041482,0.078861,0.054225999999999996,0.006984999999999999,0.017685,0
0.29643,0.11776099999999999,0.21568600000000002,0.028645999999999998,0.163552,0.152274,0.06360700000000001,0.046794,0.089741,0.050348000000000004,0.043453,0.018652000000000002,0.023194,0.016384,0.05728,0.075771,0.074473,0.056852,0.037316,0.034913,2
0.103449,0.169273,0.122406,0.16694,0.01162,0.141901,0.108446,0.057097,0.028879000000000002,0.032619999999999996,0.028433,0.033868999999999996,0.077676,0.061917999999999994,0.027583,0.015328999999999999,0.013000999999999999,0.038069,0.059803999999999996,0.027852999999999996,0
0.204958,0.33124699999999996,0.236141,0.31549699999999997,0.00199,0.339484,0.006302,0.064465,0.016268,0.00466,0.010957999999999999,0.285466,0.152801,0.048458999999999995,0.013319999999999999,0.004335,0.019849000000000002,0.013729,0.009063,0.011134,5
0.44463400000000003,0.177227,0.247937,0.32716999999999996,0.006717,0.417858,0.014372,0.050232,0.06929400000000001,0.020683,0.006179,0.101845,0.22600599999999998,0.10590999999999999,0.029343,0.015591999999999998,0.009459,0.057040999999999994,0.022571,0.024073,0
0.1966,0.026169,0.150303,0.045388,0.298374,0.24604499999999999,0.046838,0.018393,0.013653,0.005847,0.013262000000000001,0.076364,0.042182,0.014709,0.006652,0.006867,0.011323999999999999,0.007111,0.006534000000000001,0.01047,5
0.19583299999999998,0.32934,0.226156,0.23712199999999997,0.006915999999999999,0.234526,0.021032,0.077525,0.031222000000000003,0.011691,0.03924,0.40660300000000005,0.183604,0.049756,0.021206,0.031025,0.028779000000000002,0.024652,0.020592,0.045486,5
0.40317,0.156604,0.22672899999999999,0.011385,0.374029,0.317743,0.023459999999999998,0.030719,0.014591999999999999,0.004529,0.011248000000000001,0.097559,0.036945,0.012962999999999999,0.008129,0.01291,0.016023,0.00845,0.008442,0.014541,5
0.19355899999999998,0.31749099999999997,0.006156,0.226806,0.368804,0.315498,0.018848,0.018607,0.008144,0.003771,0.016163,0.10426500000000001,0.034586,0.010496,0.007611,0.011588,0.009574,0.006957,0.005565,0.030569,5
0.197305,0.342143,0.149334,0.233244,0.012104,0.234519,0.038883999999999995,0.041024,0.055299,0.017846,0.035967,0.354627,0.227777,0.096219,0.043012,0.025236,0.055738,0.053247,0.033132,0.0395,5
0.191452,0.308992,0.22152600000000003,0.294095,0.363379,0.304978,0.022123,0.016952000000000002,0.008539,0.006516,0.037056,0.17975,0.052364,0.013677000000000002,0.011626000000000001,0.022119,0.008409999999999999,0.013547,0.007384999999999999,0.070855,5
0.302145,0.118603,0.17137,0.232079,0.276973,0.224444,0.12325799999999999,0.032325,0.188328,0.113692,0.065079,0.025327000000000002,0.02673,0.020947,0.017563,0.060971000000000004,0.151255,0.159273,0.023743,0.02276,4
0.19655899999999998,0.32762399999999997,0.23128200000000002,0.006029,0.378841,0.32510700000000003,0.021533,0.047655,0.035102999999999995,0.00632,0.030456999999999998,0.261414,0.123297,0.037666000000000005,0.013362,0.018952,0.044458,0.014504,0.012767,0.019008,5
0.211758,0.352575,0.012620000000000001,0.336476,0.41093,0.35722800000000005,0.040475,0.020554,0.044617000000000004,0.01324,0.006581,0.12091500000000001,0.277839,0.145627,0.011622,0.02199,0.004886,0.017580000000000002,0.009584,0.009512999999999999,5
0.13284300000000002,0.221854,0.159128,0.211062,0.31412399999999996,0.20972,0.02779,0.064172,0.057648000000000005,0.0202,0.004796,0.011349,0.004393,0.002881,0.054936,0.037852,0.013544999999999998,0.004439,0.007742,0.006712999999999999,4
0.420447,0.166631,0.247848,0.320681,0.47061000000000003,0.398256,0.01089,0.033046,0.016163999999999998,0.007116,0.005388,0.08114199999999999,0.049367,0.026849,0.014273,0.005929,0.008918,0.013563,0.011090000000000001,0.009159,1
0.181929,0.30795700000000004,0.220124,0.011415999999999999,0.357227,0.30006900000000003,0.028388,0.025387,0.00895,0.011304999999999999,0.071365,0.114941,0.037113,0.017638,0.027814,0.027177,0.010679000000000001,0.012568000000000001,0.014749000000000002,0.08052999999999999,5
0.118777,0.200593,0.13902899999999999,0.192822,0.28226,0.184679,0.056287000000000004,0.07889700000000001,0.041371,0.020766999999999997,0.022302000000000002,0.014459,0.00853,0.013718000000000001,0.036672,0.012790000000000001,0.012415,0.015304,0.01218,0.086002,4
0.10946800000000001,0.188393,0.13409400000000002,0.18246700000000002,0.222768,0.17240899999999998,0.18920499999999998,0.146252,0.040445999999999996,0.016939,0.070908,0.016413,0.008756,0.11643800000000001,0.021828999999999998,0.008884999999999999,0.01028,0.011943,0.048003,0.095577,0
0.180111,0.29461,0.209615,0.281717,0.41159399999999996,0.296247,0.009885,0.015096,0.0021620000000000003,0.006919,0.095037,0.08054800000000001,0.015222,0.005367,0.025827999999999997,0.008502,0.005901,0.003029,0.014495,0.059409000000000003,1
0.243419,0.09389700000000001,0.187885,0.139702,0.280356,0.181649,0.078624,0.11307,0.043302999999999994,0.04645,0.025939999999999998,0.020212,0.007043000000000001,0.05412,0.069573,0.011312000000000001,0.016713,0.010095999999999999,0.007976,0.11979400000000001,0
0.236681,0.376682,0.012305,0.27135,0.24364299999999997,0.277227,0.094233,0.041924,0.055283000000000006,0.024544,0.031763,0.037935,0.07496,0.170389,0.049319999999999996,0.024507,0.021434,0.021523,0.033906,0.023495,1
0.344431,0.130302,0.19778099999999998,0.331906,0.21117800000000003,0.249356,0.023058000000000002,0.005564,0.008773999999999999,0.040804,0.070521,0.012739,0.009019,0.008657999999999999,0.008721,0.009218,0.007408,0.01526,0.101103,0.024531999999999998,0
0.152808,0.251291,0.177798,0.243279,0.016996,0.23771399999999998,0.069281,0.0049759999999999995,0.038914,0.091809,0.05538,0.011472,0.006377000000000001,0.017302,0.006523,0.0046630000000000005,0.021943,0.081445,0.026021,0.009377,2
0.269859,0.104466,0.154549,0.20610799999999999,0.307683,0.204933,0.050477999999999995,0.240352,0.08770399999999999,0.031838,0.029279000000000003,0.04817,0.010971999999999999,0.011275,0.277217,0.101776,0.019477,0.011901,0.026527999999999996,0.007765,4
0.195249,0.321386,0.011361,0.232143,0.378565,0.323529,0.035735,0.029112,0.017121,0.005697,0.021653,0.180996,0.081259,0.02122,0.008909,0.009773,0.019678,0.009242,0.005640999999999999,0.02425,5
0.101898,0.167323,0.121153,0.160886,0.22876999999999997,0.134898,0.185472,0.096014,0.059654,0.061191999999999996,0.046536,0.10728800000000001,0.09925700000000001,0.07372000000000001,0.050082999999999996,0.032195999999999995,0.045905,0.071225,0.051370000000000006,0.049454000000000005,4
0.23574099999999998,0.086755,0.132462,0.17866500000000002,0.266573,0.16960699999999998,0.067944,0.048868,0.016518,0.006569,0.028947000000000004,0.00702,0.011913,0.07921399999999999,0.009329,0.009747,0.005468,0.004804999999999999,0.036222000000000004,0.023953,4
0.389867,0.152764,0.220455,0.294095,0.36269,0.30494299999999996,0.017115000000000002,0.021127,0.005587,0.004563,0.020311000000000003,0.062322,0.017652,0.008604,0.012086,0.023676,0.006139,0.009871,0.008273,0.077936,5
0.458524,0.176748,0.007035,0.255695,0.42183100000000007,0.369852,0.030186,0.008995999999999999,0.073233,0.017588999999999997,0.003539,0.029869999999999997,0.160485,0.109903,0.008962999999999999,0.013156000000000001,0.004234,0.00757,0.017289,0.009843000000000001,5
0.473969,0.17768499999999998,0.26415900000000003,0.359554,0.44270600000000004,0.393592,0.024391,0.01726,0.14377,0.027399,0.014731999999999999,0.041804,0.17194600000000002,0.337059,0.026108,0.016746,0.032298,0.020085,0.125253,0.010994,1
0.134643,0.224904,0.160505,0.21569499999999997,0.006798,0.20368499999999998,0.10157000000000001,0.131643,0.143761,0.072102,0.035064,0.031843,0.025369,0.014465,0.099224,0.075971,0.047452999999999995,0.03216,0.023816,0.012334,4
0.29420100000000005,0.10952100000000001,0.22215100000000002,0.166492,0.33134,0.226825,0.024181,0.019737,0.0619,0.017959,0.012582,0.0064459999999999995,0.012212,0.005289,0.020503999999999998,0.058485,0.053372,0.0218,0.007891,0.01,2
0.237531,0.09283200000000001,0.13353299999999999,0.18198,0.007293000000000001,0.11966500000000001,0.045477,0.028928,0.015465000000000001,0.007326000000000001,0.018402,0.0052439999999999995,0.005386,0.031257,0.007775,0.0043560000000000005,0.005742000000000001,0.003295,0.018528,0.026811,0
0.417579,0.155757,0.236804,0.018009999999999998,0.31916100000000003,0.278812,0.016216,0.049179,0.027241,0.010034999999999999,0.015566,0.1419,0.053829999999999996,0.027975,0.022621000000000002,0.0125,0.027382,0.028248000000000002,0.018991,0.01706,1
0.301654,0.11772,0.22749499999999998,0.172201,0.0064340000000000005,0.22415,0.046193,0.0195,0.11478900000000002,0.051626,0.025807,0.018379,0.022215000000000002,0.017781,0.017374,0.045405,0.10564100000000001,0.100268,0.031150999999999998,0.032433,0
0.13081500000000001,0.21366,0.150418,0.259612,0.00632,0.194687,0.02305,0.05929500000000001,0.034173,0.013793000000000001,0.00976,0.012178,0.0070420000000000005,0.004497,0.054920000000000004,0.021206,0.008167,0.0068390000000000005,0.008757,0.008161,4
0.061391999999999995,0.225196,0.00687,0.056204,0.15776300000000001,0.090321,0.20108499999999999,0.10001499999999999,0.10334600000000001,0.066237,0.06080700000000001,0.05872,0.036185,0.045325,0.10173,0.09259500000000001,0.072215,0.065833,0.054761000000000004,0.033819999999999996,0
0.279402,0.105272,0.209921,0.156393,0.310402,0.207511,0.079385,0.35747199999999996,0.190545,0.053909000000000006,0.041818,0.07829,0.010699,0.014506999999999999,0.41919300000000004,0.222665,0.06827000000000001,0.021141999999999998,0.039221,0.008549,4
0.195252,0.036784,0.14969100000000002,0.050813,0.29875,0.239092,0.032433,0.011531999999999999,0.006673999999999999,0.004202,0.007228,0.043414999999999995,0.021195,0.007024,0.0056170000000000005,0.004364,0.004816,0.004794,0.005301,0.007098,5
0.406315,0.156757,0.23023600000000002,0.30930100000000005,0.455349,0.334469,0.005446,0.065772,0.015203999999999999,0.002367,0.005462,0.152423,0.039303,0.009327,0.004118999999999999,0.006601,0.021092,0.0036659999999999996,0.010129,0.012106,5
0.20639899999999997,0.330457,0.232698,0.006235,0.384642,0.33215500000000003,0.025506,0.088452,0.037433999999999995,0.005838,0.014736,0.389719,0.234721,0.091897,0.016387,0.009509,0.044239999999999995,0.028076999999999998,0.013129,0.013186000000000002,5
0.298458,0.11588699999999999,0.225646,0.167196,0.334472,0.22675900000000002,0.040781,0.014419,0.076209,0.034331,0.016349000000000002,0.006498,0.013391,0.006083,0.007929,0.037754,0.05485,0.039042,0.008858,0.008353,0
0.267278,0.098626,0.204591,0.151132,0.254181,0.20461400000000002,0.028382,0.137654,0.035026,0.014774,0.033772,0.020705,0.006456,0.006111999999999999,0.18046600000000002,0.04802,0.009269,0.005497,0.007546,0.007741,4
0.154428,0.259531,0.183587,0.24859099999999998,0.363442,0.254535,0.110989,0.003894,0.02967,0.143084,0.11731,0.009708,0.006537,0.009318,0.00704,0.001541,0.006361,0.051169,0.041067,0.007034,0
0.209934,0.341897,0.243333,0.007064,0.319399,0.281624,0.06021,0.089348,0.05294,0.031463,0.046662999999999996,0.293709,0.253723,0.163379,0.056178,0.024996,0.023436000000000002,0.06271399999999999,0.026993,0.030601999999999997,5
0.300659,0.116514,0.170962,0.227906,0.0016489999999999999,0.227698,0.180281,0.059917,0.365807,0.15517,0.076116,0.028664,0.069741,0.049406,0.034096,0.103651,0.232383,0.192137,0.029862,0.050258,0
0.181345,0.305587,0.21576199999999998,0.289013,0.357014,0.30305,0.03137,0.018611000000000003,0.006532,0.015481,0.07585599999999999,0.098576,0.033509,0.018481,0.028045999999999998,0.020727000000000002,0.007839,0.011017,0.016954,0.161941,5
0.192685,0.316292,0.225212,0.299689,0.007320999999999999,0.314481,0.0182,0.040923,0.015569,0.008637,0.044223,0.277074,0.087585,0.021626,0.011290999999999999,0.031598,0.016784,0.009039,0.0075829999999999995,0.066173,5
0.23783200000000002,0.387768,0.276082,0.370357,0.6376470000000001,0.5605439999999999,0.017837000000000002,0.014894999999999999,0.015785,0.026282,0.017399,0.011079,0.020828,0.098315,0.022813999999999997,0.009967,0.006776999999999999,0.020316,0.010621,0.011101999999999999,1
0.295967,0.11048800000000002,0.165976,0.222978,0.33103899999999997,0.22595900000000002,0.049856,0.026367,0.190184,0.043033999999999996,0.017809000000000002,0.004131,0.045915,0.004326,0.020798,0.157641,0.16426,0.07550499999999999,0.0051649999999999995,0.012069,4
0.402479,0.152805,0.22539,0.29965,0.022659000000000002,0.250299,0.011519,0.038707,0.009629,0.00571,0.022647,0.12006300000000002,0.031169,0.010514,0.00818,0.019727,0.011279,0.006261999999999999,0.012875,0.028002999999999997,1
0.433058,0.176209,0.006154,0.23805700000000002,0.39503,0.339624,0.062966,0.10538399999999999,0.091658,0.018811,0.025958,0.290986,0.241506,0.132639,0.043483999999999995,0.016984,0.037874,0.047444,0.03497,0.028073,5
0.399404,0.152679,0.016878999999999998,0.298293,0.439223,0.365363,0.043535000000000004,0.021849,0.007737999999999999,0.006909,0.029266000000000004,0.076589,0.024138999999999997,0.008863,0.008411,0.014821,0.008368,0.00604,0.008066,0.04906,5
0.256373,0.09734,0.145176,0.19584300000000002,0.291833,0.191797,0.086394,0.21186300000000002,0.093836,0.035002,0.019431999999999998,0.022071,0.013757,0.0070739999999999996,0.16745,0.024865,0.010869,0.033161,0.01113,0.041582999999999995,4
0.20721799999999999,0.33162800000000003,0.013297999999999999,0.237775,0.389579,0.333347,0.048193,0.045577,0.022069,0.014649,0.027228,0.14763800000000002,0.072242,0.040786,0.031928,0.008341,0.021729,0.02015,0.019537,0.018369,1
0.35476199999999997,0.133696,0.26512800000000003,0.199798,0.002306,0.27365700000000004,0.012193,0.002602,0.001535,0.021127,0.080714,0.009868,0.004105,0.007532,0.005069,0.002689,0.002066,0.003214,0.093832,0.037275,1
0.28597399999999995,0.10853,0.216948,0.162908,0.270219,0.220047,0.024977000000000003,0.083638,0.147999,0.022282,0.007146,0.010575,0.024437999999999998,0.004561,0.12480899999999999,0.230285,0.144147,0.024471,0.004836,0.007502,4
0.265996,0.104147,0.198878,0.154832,0.341477,0.227944,0.042289,0.127082,0.06035499999999999,0.024965,0.013314,0.017616999999999997,0.009864,0.006701,0.127348,0.037581,0.01248,0.011134999999999999,0.010282,0.009906,4
0.11694600000000001,0.190855,0.138417,0.012089,0.022922,0.124199,0.1923,0.180739,0.075567,0.028919,0.028014999999999998,0.023037000000000002,0.013637999999999999,0.045623000000000004,0.039895,0.01404,0.017375,0.015172999999999999,0.020807,0.061766999999999996,0
0.1916,0.310245,0.22077399999999997,0.297948,0.438609,0.368554,0.016965,0.015949,0.004876,0.004507,0.022368,0.165548,0.043681,0.009533,0.005679999999999999,0.021034999999999998,0.004995,0.005504,0.004013,0.049246,5
0.131409,0.21443099999999998,0.15071099999999998,0.20980700000000002,0.25499499999999997,0.193123,0.072142,0.155154,0.10077,0.034343,0.022787,0.027410000000000004,0.010582,0.007903,0.133237,0.05366,0.017135,0.010237999999999999,0.014872,0.011443,4
0.146537,0.014106,0.016627,0.111699,0.164103,0.105554,0.08031100000000001,0.022333000000000002,0.060274,0.048282,0.026732,0.014677,0.013221,0.012402,0.012187,0.015753,0.024117,0.02143,0.014162000000000001,0.011651,2
0.2579,0.42396999999999996,0.046478,0.149123,0.244721,0.193445,0.01099,0.08237,0.019731,0.007377,0.014587000000000001,0.005542,0.004612,0.003949,0.11353800000000001,0.015390000000000001,0.007135,0.005371,0.005076,0.005293,4
0.211662,0.353719,0.252949,0.0067209999999999995,0.405956,0.35586,0.028045,0.020581,0.033809,0.019699,0.012179,0.122546,0.22139,0.153583,0.02051,0.015125,0.005958,0.022517,0.01289,0.01371,5
0.191573,0.316102,0.224931,0.299113,0.367664,0.310835,0.027298000000000003,0.035533999999999996,0.014628,0.009797,0.07786900000000001,0.209977,0.070877,0.018271000000000003,0.02489,0.038372,0.018133,0.015138999999999998,0.013244,0.10408599999999998,5
0.20530700000000002,0.330648,0.237327,0.31549699999999997,0.47583500000000006,0.352844,0.00853,0.092611,0.023719999999999998,0.005483,0.009696999999999999,0.30607199999999996,0.132555,0.042404000000000004,0.029519,0.005914,0.029097,0.034089999999999995,0.028033,0.011836,5
0.130957,0.215297,0.15474100000000002,0.20639000000000002,0.303737,0.20133900000000002,0.041631,0.133017,0.082449,0.027437,0.016957,0.030981,0.007324,0.00634,0.097309,0.041331,0.008883,0.00778,0.013269,0.003811,4
0.191144,0.308774,0.220685,0.007422,0.36267699999999997,0.30964200000000003,0.016634,0.012584,0.004738,0.003593,0.028970999999999997,0.102817,0.029106,0.00824,0.008056,0.013191,0.005864,0.006939,0.004386999999999999,0.05193,5
0.39978400000000003,0.153954,0.220953,0.29852399999999996,0.007271,0.312693,0.020275,0.052529,0.013055,0.005125,0.030573000000000003,0.146756,0.042638,0.015425999999999999,0.016712,0.031987,0.015623,0.014657,0.011643,0.090236,5
0.206219,0.330239,0.012165,0.23727600000000001,0.38460500000000003,0.328648,0.026378,0.024558,0.018298,0.005,0.009725,0.124644,0.07417,0.028980000000000002,0.011696,0.008328,0.021886000000000003,0.015194,0.010456,0.010072,1
0.207298,0.328468,0.012171,0.233513,0.384454,0.327912,0.024791,0.025992,0.01241,0.003943,0.006906999999999999,0.074528,0.033455,0.016355,0.009528,0.0041259999999999995,0.014263,0.008582,0.006833,0.010319,5
0.222352,0.261678,0.16586099999999998,0.039416,0.244558,0.14897,0.064283,0.053286,0.045464,0.072212,0.041031,0.052229,0.18595599999999998,0.16392400000000001,0.036104000000000004,0.010826,0.009054000000000001,0.061262,0.12064000000000001,0.013221,0
0.21238400000000002,0.352194,0.24911,0.012415,0.412221,0.358034,0.027929000000000002,0.017444,0.028993,0.020314,0.009152,0.065467,0.174087,0.08951100000000001,0.016890000000000002,0.021504,0.00731,0.02055,0.015962999999999998,0.013109,5
0.10557799999999999,0.17817,0.12696500000000002,0.17748699999999998,0.22189099999999998,0.132009,0.14466800000000002,0.094326,0.052947,0.036485000000000004,0.02915,0.043039999999999995,0.066629,0.08844500000000001,0.021117,0.011531999999999999,0.012637,0.026309,0.0564,0.038551999999999996,0
0.446292,0.1689,0.006406,0.24988400000000002,0.411657,0.361822,0.021608000000000002,0.007683,0.024187,0.008915000000000001,0.0024980000000000002,0.024775,0.088367,0.032936,0.0047079999999999995,0.009251,0.0028350000000000003,0.010762,0.005676,0.006645,5
0.270032,0.097231,0.20417000000000002,0.151094,0.253504,0.198909,0.036023,0.115125,0.041032,0.018057,0.028765,0.026373,0.011618999999999999,0.010251999999999999,0.137603,0.058794000000000006,0.023928,0.012406,0.012371,0.012235,0
0.131375,0.203492,0.149729,0.195049,0.249419,0.183002,0.195009,0.31938099999999997,0.22574899999999998,0.109296,0.084593,0.06804199999999999,0.045501,0.032968,0.22213400000000003,0.07395399999999999,0.050548,0.055536,0.043592,0.051460000000000006,4
0.39912800000000004,0.153197,0.225556,0.012551,0.368203,0.312272,0.020911000000000003,0.015757,0.007554000000000001,0.002784,0.008209000000000001,0.067113,0.021019,0.005468,0.004751,0.013152,0.007683,0.004838,0.00569,0.019431999999999998,5
0.135438,0.226836,0.22069699999999998,0.166019,0.011656999999999999,0.210544,0.20813299999999998,0.19561099999999998,0.312235,0.147134,0.107075,0.040705,0.053716999999999994,0.034954,0.144843,0.22799699999999998,0.16108499999999998,0.086812,0.040555,0.035283,0
0.296675,0.482861,0.051837,0.168246,0.335287,0.2303,0.047788,0.034575999999999996,0.25698699999999997,0.046027,0.020084,0.008184,0.038961,0.010277,0.033375,0.17058399999999999,0.241679,0.116176,0.012364,0.018565,2
0.237141,0.37850700000000004,0.27008899999999997,0.012306999999999998,0.36732600000000004,0.336363,0.025347,0.024431,0.048257999999999995,0.028895,0.031649000000000004,0.021937,0.071523,0.23534000000000002,0.040688,0.009839,0.012779,0.015152,0.05789299999999999,0.017061,1
0.182067,0.299077,0.21462699999999998,0.287605,0.422771,0.306101,0.002986,0.015021000000000001,0.001074,0.0023510000000000002,0.048133999999999996,0.07182100000000001,0.008403,0.004828,0.030594999999999997,0.010556999999999999,0.003191,0.0025859999999999998,0.0040409999999999995,0.157499,5
0.167876,0.281072,0.199005,0.26662600000000003,0.15145999999999998,0.20211700000000002,0.019665000000000002,0.002598,0.002621,0.021871,0.090773,0.012005,0.00447,0.0046619999999999995,0.0033840000000000003,0.002337,0.002166,0.003023,0.050433,0.021443,1
0.403999,0.155106,0.225646,0.304527,0.372501,0.323178,0.004171,0.034249,0.006938,0.0008210000000000001,0.0064730000000000005,0.107992,0.0318,0.008634999999999999,0.0038020000000000003,0.013715999999999999,0.00875,0.003215,0.002961,0.013393,5
0.13314700000000002,0.222431,0.20983200000000002,0.15624000000000002,0.006775,0.197141,0.041763999999999996,0.08667799999999999,0.06454299999999999,0.026626,0.017897999999999997,0.017490000000000002,0.007701,0.005857,0.08004299999999999,0.04628,0.020406999999999998,0.007589,0.010743,0.006479,4
0.123438,0.212775,0.150277,0.20091099999999998,0.302333,0.200441,0.104663,0.23867199999999997,0.12382,0.062202999999999994,0.028569999999999998,0.033222,0.022993,0.005576,0.195195,0.06969700000000001,0.015087,0.008838,0.009966,0.009565,4
0.135722,0.234395,0.16039,0.270646,0.012135,0.207258,0.061492,0.050999,0.080859,0.043186,0.028122,0.027112,0.018429,0.017891,0.032479,0.032747000000000005,0.031939999999999996,0.021519,0.024276,0.017547,2
0.191918,0.308066,0.220748,0.303541,0.02271,0.254521,0.046018,0.030264999999999997,0.017289,0.019702,0.071172,0.144878,0.061147,0.03458,0.024913,0.042979,0.015016999999999999,0.015790000000000002,0.018397999999999998,0.100977,5
0.209215,0.34138,0.242594,0.327029,0.012925999999999998,0.278955,0.015019999999999999,0.039835,0.010011,0.004884,0.004871,0.16412000000000002,0.170281,0.081691,0.011326000000000001,0.00481,0.007076000000000001,0.022208000000000002,0.009381,0.007170999999999999,1
0.19325499999999998,0.328822,0.0072959999999999995,0.227561,0.363166,0.312062,0.074429,0.06336699999999999,0.040525,0.034885,0.065451,0.264961,0.112948,0.040893,0.032396,0.020509,0.025639999999999996,0.024274,0.013174000000000002,0.044351999999999996,5
0.270488,0.10550899999999999,0.155149,0.20990999999999999,0.005978,0.201195,0.025226,0.118737,0.034720999999999995,0.016375999999999998,0.024659,0.031299,0.007620999999999999,0.008278,0.151369,0.058242999999999996,0.015069999999999998,0.010234,0.019032,0.007072,4
0.208521,0.31746399999999997,0.023309,0.012327,0.222543,0.163996,0.06926900000000001,0.029322000000000004,0.027682,0.020775,0.041682,0.095419,0.074769,0.049921,0.016368,0.015647,0.017405,0.014371,0.01658,0.032758999999999996,1
0.297373,0.116031,0.166652,0.226818,0.006406,0.219388,0.055482000000000004,0.024880000000000003,0.132402,0.041319999999999996,0.024246,0.008739,0.030986,0.009795,0.018846,0.078046,0.10678299999999999,0.061451,0.012511,0.026948000000000003,0
0.138824,0.23450100000000001,0.165925,0.222262,0.330237,0.22360300000000002,0.090433,0.035991,0.1424,0.07695199999999999,0.029338,0.008313,0.026348000000000003,0.008487999999999999,0.017143000000000002,0.059194000000000004,0.061273,0.031823000000000004,0.006414,0.012789,4
0.089193,0.10879100000000001,0.071948,0.084395,0.130673,0.034569,0.069536,0.027262,0.033276,0.028054000000000003,0.022916,0.028993,0.016323,0.020245,0.022183,0.010652,0.013124,0.014934000000000001,0.018078,0.019951,1
0.237058,0.085798,0.13375,0.183017,0.22790500000000002,0.176042,0.047760000000000004,0.04163,0.025937,0.016763999999999998,0.026889,0.013152,0.017109,0.057946000000000004,0.020397,0.0077930000000000004,0.009396,0.00975,0.028562999999999998,0.042809,0
0.043884,0.16489600000000001,0.061752999999999995,0.144643,0.097688,0.057828,0.200755,0.079725,0.070927,0.084589,0.086965,0.119923,0.092863,0.061316999999999997,0.077596,0.039838,0.038591,0.05483,0.080827,0.078559,1
0.23540999999999998,0.385807,0.270573,0.364072,0.44434700000000005,0.390752,0.012095,0.007609,0.012367,0.012627,0.025192,0.010077,0.01899,0.10783399999999999,0.013276,0.007016,0.0071530000000000005,0.010334999999999999,0.040423,0.007666,1
0.258297,0.09703200000000001,0.198903,0.148764,0.297096,0.19630699999999998,0.041232,0.131083,0.042508,0.018763,0.020390000000000002,0.01267,0.012855000000000002,0.005354,0.140272,0.027242000000000002,0.009316,0.017377,0.009486,0.015247,2
0.145358,0.23829499999999998,0.169967,0.22853400000000001,0.33665300000000004,0.230111,0.14923699999999998,0.026848,0.244964,0.13024000000000002,0.045898,0.008369,0.034359,0.010501,0.00519,0.052618,0.13655599999999998,0.102788,0.013843000000000001,0.023546,2
0.168878,0.283551,0.19991099999999998,0.271042,0.022683000000000002,0.265777,0.037078,0.011492,0.0063219999999999995,0.038535,0.21134699999999998,0.038667,0.011683,0.017315,0.018585,0.008927,0.0063100000000000005,0.006178,0.12221199999999999,0.11001500000000002,1
0.12264000000000001,0.203794,0.14823699999999998,0.199196,0.297584,0.19464800000000002,0.06478400000000001,0.162178,0.078729,0.032768,0.031279,0.024263,0.01967,0.015509,0.13211900000000001,0.030951999999999997,0.024125,0.033805,0.021719,0.039599,4
0.135037,0.22597199999999998,0.16081099999999998,0.216783,0.32016300000000003,0.216193,0.07967300000000001,0.11103199999999999,0.170625,0.06569,0.014743000000000001,0.021551,0.018136000000000003,0.008431999999999999,0.07749,0.10513800000000001,0.061465,0.009951,0.009018,0.007199,4
0.222615,0.344376,0.24803899999999998,0.33673200000000003,0.411933,0.353581,0.026569,0.052076,0.043849,0.024661000000000002,0.020841,0.160688,0.20765999999999998,0.122696,0.030848,0.031323000000000004,0.011675,0.035267,0.020326,0.024402,5
0.220929,0.343287,0.24759299999999998,0.012295,0.405129,0.347584,0.021109,0.022181,0.014315999999999999,0.012457,0.006593000000000001,0.06526699999999999,0.079118,0.044795,0.012835,0.0072629999999999995,0.006716,0.033926,0.010747,0.007112,1
0.191524,0.308175,0.22021300000000002,0.294479,0.36259,0.311992,0.011468,0.007501000000000001,0.002443,0.0031,0.016437,0.049761,0.017347,0.004848,0.007428,0.013372,0.0029739999999999996,0.005036,0.004315,0.034921,5
0.42970699999999995,0.166179,0.324912,0.005765,0.017221,0.283125,0.018521,0.0527,0.010537000000000001,0.003949,0.00489,0.112573,0.049444999999999996,0.021986000000000002,0.017627,0.004307,0.008652,0.016279,0.0113,0.009120999999999999,5
0.162175,0.269495,0.18926199999999999,0.254262,0.374355,0.263232,0.185668,0.008116,0.05082,0.345638,0.29915,0.04093,0.033103,0.008898999999999999,0.035838,0.009848,0.008345,0.06880599999999999,0.284095,0.024516,1
0.388762,0.144295,0.01223,0.29869,0.21664099999999997,0.248065,0.08968999999999999,0.0556,0.029883,0.03664,0.15625,0.161909,0.056598,0.032665,0.039855,0.032536,0.023315,0.024953,0.080831,0.23096599999999998,5
0.27929899999999996,0.45017399999999996,0.050633,0.15650799999999998,0.259944,0.21010900000000002,0.030681,0.16733299999999998,0.064552,0.021693,0.020865,0.035692,0.008221,0.008018,0.274562,0.14902200000000002,0.045211,0.012298,0.01987,0.007718000000000001,4
0.27237100000000003,0.105773,0.154498,0.26111,0.30821,0.204516,0.016995,0.058227,0.024932,0.012094,0.010536,0.016344,0.006770999999999999,0.0051,0.077806,0.041844,0.014079,0.006945000000000001,0.020772,0.015235,0
0.20603600000000002,0.329721,0.236881,0.315612,0.466363,0.399273,0.016644,0.062704,0.021897999999999997,0.006884,0.021108000000000002,0.22936399999999998,0.118078,0.047314999999999996,0.017408,0.010295,0.025379,0.021099,0.013378,0.015941,1
0.27263699999999996,0.44883900000000004,0.050614,0.156918,0.313159,0.21007399999999998,0.027364999999999997,0.168878,0.055719000000000005,0.021099,0.024263,0.029842,0.004994,0.008564,0.274658,0.122457,0.031282,0.012476000000000001,0.022265,0.005671,4
0.205183,0.329231,0.23245500000000002,0.31549699999999997,0.012172,0.324791,0.017025,0.055139,0.025663,0.005979,0.014863,0.2417,0.11841199999999999,0.040647,0.026341000000000003,0.008806999999999999,0.030438999999999997,0.025575,0.020732,0.019119,5
0.222791,0.262658,0.16595,0.040285,0.287711,0.21505700000000003,0.044929000000000004,0.030848,0.028252,0.036137999999999997,0.02561,0.041919,0.083422,0.062636,0.018583000000000002,0.013422,0.008965,0.029345999999999997,0.068345,0.023666999999999997,0
0.238623,0.387278,0.271032,0.370933,0.44963500000000006,0.40134200000000003,0.01132,0.029557,0.029537,0.043094,0.029712,0.014862,0.042642,0.195483,0.054611,0.01441,0.010066,0.035588999999999996,0.037028,0.018258,3
0.193141,0.307331,0.011373999999999999,0.183145,0.281634,0.206048,0.07059800000000001,0.051491999999999996,0.037805,0.033761,0.069924,0.13706,0.079546,0.07258400000000001,0.060185,0.030764999999999997,0.028704,0.025074000000000003,0.036463,0.093657,1
0.302584,0.116933,0.23106500000000002,0.17286700000000002,0.34118899999999996,0.23551100000000003,0.041569999999999996,0.009477,0.10229400000000001,0.044426,0.018209,0.013862000000000001,0.010999,0.014091,0.008109,0.025534,0.087233,0.082776,0.013341999999999998,0.01193,2
0.196469,0.35260199999999997,0.012348,0.029067000000000003,0.324737,0.284499,0.029432999999999997,0.020058000000000003,0.017662,0.011127,0.011198,0.060341,0.056349,0.035833,0.012379000000000001,0.007984999999999999,0.006273,0.015455000000000002,0.011758,0.009323999999999999,5
0.20674800000000002,0.338683,0.0063170000000000006,0.23863299999999998,0.033437,0.270473,0.012504000000000001,0.02289,0.004944,0.002428,0.004515,0.082636,0.054480999999999995,0.021158,0.007973000000000001,0.0020399999999999997,0.005261,0.007904000000000001,0.006301,0.007449,5
0.328692,0.140571,0.188701,0.007312000000000001,0.378653,0.31048400000000004,0.178095,0.027474000000000002,0.061761,0.23110999999999998,0.155473,0.105182,0.06536499999999999,0.042441,0.065762,0.031045,0.052496,0.15159,0.239635,0.074398,0
0.280587,0.10579200000000001,0.159548,0.21141999999999997,0.314274,0.20995100000000003,0.031508999999999995,0.086164,0.065777,0.020997,0.011143,0.019603,0.008606,0.009456,0.097508,0.068445,0.026639,0.008491,0.018844,0.009231,4
0.153506,0.257711,0.183064,0.248054,0.3669,0.257253,0.147769,0.005106,0.051186,0.204558,0.133461,0.012088,0.006154,0.017568,0.004342,0.0024129999999999998,0.015683000000000002,0.103903,0.051333000000000004,0.006417,0
0.377463,0.14522100000000002,0.214678,0.288245,0.42695600000000006,0.363575,0.014987,0.020943,0.004025,0.004499,0.041772000000000004,0.04628,0.013059000000000001,0.006104,0.034886,0.013171,0.00456,0.008298,0.012546999999999999,0.21042399999999997,5
0.119599,0.200103,0.016887,0.002628,0.189451,0.139734,0.117479,0.096238,0.062637,0.039192000000000005,0.028981,0.032038,0.022524000000000002,0.031993,0.063468,0.016631,0.014753,0.017763,0.01842,0.044017,4
0.107295,0.186581,0.133125,0.178358,0.276659,0.180365,0.411179,0.301892,0.136638,0.08004299999999999,0.137545,0.067997,0.07799,0.210695,0.095821,0.05725,0.055423,0.042606,0.1612,0.199167,0
0.119627,0.200896,0.143977,0.193295,0.286508,0.186691,0.124575,0.216973,0.094525,0.021553,0.008237000000000001,0.014044999999999998,0.006736,0.00935,0.09246499999999999,0.01102,0.005392,0.017995,0.005293,0.055929,4
0.390455,0.153521,0.219996,0.294018,0.006175,0.307819,0.015012000000000001,0.022940000000000002,0.007436,0.007094,0.030313,0.098843,0.03615,0.014534,0.015294,0.028788,0.008203,0.012934000000000001,0.007956,0.089771,1
0.12431600000000001,0.214169,0.153657,0.205443,0.30296,0.202303,0.038935000000000004,0.14052,0.062828,0.023521,0.018817,0.05128200000000001,0.011797,0.005611,0.09379,0.035935,0.009718000000000001,0.006603,0.011159,0.007475,2
0.285864,0.108421,0.21699899999999997,0.162294,0.323872,0.219984,0.038949,0.062444000000000006,0.09729700000000001,0.026741,0.018241,0.015221,0.025411000000000003,0.012313,0.069739,0.126813,0.071035,0.015418000000000001,0.008668,0.009461,2
0.134457,0.223739,0.160135,0.214633,0.31408600000000003,0.209821,0.073157,0.162024,0.143403,0.05355599999999999,0.025321,0.050013999999999996,0.028413,0.019888,0.16758599999999998,0.122885,0.056367999999999994,0.019006,0.041946,0.008834999999999999,0
0.266341,0.105198,0.204259,0.15094000000000002,0.35246500000000003,0.262916,0.036407999999999996,0.175543,0.045585,0.022411,0.035967,0.023898,0.008779,0.013831999999999999,0.24359899999999998,0.058976,0.014407,0.008853,0.01126,0.0089,4
0.117478,0.197878,0.139195,0.188175,0.277511,0.178447,0.092843,0.116474,0.051299000000000004,0.033364,0.034052,0.022328999999999998,0.004163,0.023868,0.038195,0.010523000000000001,0.019951,0.012891999999999999,0.007483,0.159894,4
0.237327,0.088029,0.133661,0.179215,0.266435,0.16905599999999998,0.09390599999999999,0.080666,0.025892000000000002,0.006664,0.045721,0.004538,0.009409,0.098183,0.006889,0.006372,0.005386,0.003213,0.03768,0.060534000000000004,0
0.371762,0.14280199999999998,0.208965,0.28128200000000003,0.345499,0.298982,0.007895000000000001,0.03302,0.0019579999999999997,0.0048590000000000005,0.14720899999999998,0.049708999999999996,0.006687,0.00517,0.062014,0.00278,0.005896,0.004452,0.016499,0.231233,1
0.243077,0.294773,0.040783,0.184566,0.275544,0.17862999999999998,0.063965,0.072851,0.037457,0.025647000000000003,0.055154999999999996,0.026003,0.006294,0.045568,0.057941,0.009391,0.020952000000000002,0.014907,0.018330000000000003,0.155077,0
0.19396,0.317164,0.225582,0.304169,0.005945000000000001,0.317743,0.011484000000000001,0.031143999999999998,0.015246000000000001,0.0049960000000000004,0.027805,0.207981,0.081524,0.02226,0.008506,0.027846,0.018203,0.009761,0.008117000000000001,0.038781,5
0.12020399999999999,0.202481,0.145253,0.195036,0.286733,0.186362,0.13786400000000001,0.20768899999999998,0.1072,0.034765,0.018622,0.03246,0.009805,0.009925,0.08394,0.015697,0.007408,0.026876,0.008971999999999999,0.058017,4
0.118155,0.191501,0.13789400000000002,0.231938,0.152763,0.11573399999999999,0.178846,0.166489,0.098124,0.038961,0.050574,0.036466000000000005,0.025208,0.041248,0.046574000000000004,0.021746,0.025225,0.017943999999999998,0.037335,0.083273,0
0.134916,0.223807,0.159842,0.217027,0.001235,0.212434,0.146734,0.24401199999999998,0.258573,0.10892,0.044411,0.042251,0.022945,0.027267000000000003,0.22436199999999998,0.225487,0.10119,0.022436,0.027788,0.015165999999999999,2
0.419652,0.012707,0.313282,0.077512,0.028174,0.264964,0.033041,0.070635,0.021700999999999998,0.005415,0.012320999999999999,0.148849,0.053982,0.016737000000000002,0.02531,0.00875,0.021726,0.013848,0.012119,0.0198,5
0.264403,0.097898,0.198393,0.148918,0.29355,0.19245299999999999,0.024184999999999998,0.109628,0.029869,0.013822,0.012968,0.009478,0.008501,0.00399,0.141025,0.028075,0.007936,0.009420999999999999,0.00919,0.012006999999999999,0
0.22135,0.354618,0.017194,0.253929,0.330388,0.283423,0.021324,0.01254,0.017784,0.010692,0.007339,0.029475,0.077833,0.06196,0.01496,0.007965,0.005755,0.009507,0.009466,0.006706999999999999,1
0.15157400000000001,0.250877,0.178473,0.24330500000000002,0.358229,0.250544,0.23338299999999998,0.009559,0.131794,0.28136500000000003,0.171685,0.027545,0.006712,0.052496,0.010371,0.005122,0.047844,0.207182,0.036862,0.009478,2
0.280276,0.097106,0.20970500000000003,0.001003,0.011293000000000001,0.162962,0.04506,0.100641,0.044736,0.021066,0.01936,0.019844,0.009641,0.006631999999999999,0.123116,0.075393,0.029331,0.013983,0.013483000000000002,0.010801999999999999,4
0.38862399999999997,0.141732,0.077315,0.29741,0.022614,0.223448,0.019806,0.013106999999999999,0.008298,0.00845,0.033234,0.024992,0.014699,0.009441,0.011392,0.00837,0.006459,0.006391,0.019894,0.048324,5
0.193304,0.320351,0.298973,0.227177,0.006364,0.318339,0.016723,0.078349,0.011692000000000001,0.008353,0.047098,0.27844800000000003,0.087201,0.027427999999999998,0.010439,0.015255000000000001,0.014154,0.008862,0.010546999999999999,0.033231000000000004,1
0.310866,0.118952,0.232596,0.176182,0.3461,0.23713099999999998,0.059797,0.007079,0.132665,0.081308,0.035285000000000004,0.024263,0.009312,0.02431,0.0035979999999999996,0.012950999999999999,0.11802,0.154925,0.013918999999999999,0.016099000000000002,2
0.389038,0.15273599999999998,0.29183200000000004,0.011512,0.428259,0.357754,0.039901,0.033158,0.008519,0.01198,0.037469,0.087424,0.0233,0.014153,0.022772,0.01762,0.006845,0.010574,0.022056,0.165122,5
0.175288,0.28415,0.20455299999999998,0.023034,0.265946,0.272794,0.0216,0.008843,0.0044659999999999995,0.020243999999999998,0.085452,0.020507,0.006142,0.005136,0.014962,0.004175,0.004123,0.0041259999999999995,0.03918,0.047962,1
0.296976,0.109976,0.167124,0.22643400000000002,0.335187,0.229988,0.040437,0.029198,0.152293,0.037691,0.019063,0.010515,0.037902,0.013845,0.026945,0.092559,0.121315,0.070194,0.011803,0.019949,0
0.254196,0.09548200000000001,0.19472,0.145808,0.28825,0.188638,0.034825,0.112171,0.026545,0.017021,0.012357,0.018538,0.011831999999999999,0.011784999999999999,0.130967,0.020836,0.012265999999999999,0.027458999999999997,0.008868000000000001,0.024657,4
0.20996199999999998,0.351867,0.018262999999999998,0.001376,0.33055100000000004,0.28182399999999996,0.042142,0.020929,0.017503,0.008284999999999999,0.011907,0.047736,0.06032100000000001,0.031794,0.016239,0.011038,0.006968000000000001,0.011754,0.008813,0.0093,5
0.281852,0.106598,0.16002,0.215004,0.319449,0.21567399999999998,0.024766999999999997,0.06675,0.058472,0.019172,0.011537,0.012439,0.008244,0.007114,0.073513,0.061022,0.02899,0.011269,0.012744,0.005384000000000001,0
0.20976799999999998,0.341897,0.243015,0.32679899999999995,0.006157999999999999,0.349443,0.021471,0.062165,0.027149,0.012909,0.006633,0.246927,0.212535,0.10853399999999999,0.026506000000000002,0.010203,0.015169,0.079023,0.024100999999999997,0.01209,5
0.401062,0.15393800000000002,0.22530100000000003,0.302799,0.444748,0.323914,0.009465000000000001,0.064402,0.010699,0.003244,0.011829000000000001,0.16373,0.034689,0.008359,0.004259000000000001,0.030713999999999998,0.013116999999999998,0.010449,0.0056240000000000005,0.033036,5
0.270457,0.10663399999999999,0.155621,0.205225,0.303674,0.20015,0.072738,0.21018299999999998,0.110632,0.053827999999999994,0.034937,0.053087999999999996,0.018595,0.011008,0.22712,0.112231,0.043523,0.012799,0.016112,0.011161,0
0.37355900000000003,0.14274,0.21138800000000002,0.2863,0.42183100000000007,0.306556,0.011073999999999999,0.058317999999999995,0.0036479999999999998,0.009063,0.210643,0.07471599999999999,0.012123,0.010633,0.11245899999999999,0.015482,0.015465999999999999,0.0064670000000000005,0.026202,0.5985010000000001,1
0.434751,0.165899,0.32595799999999997,0.244444,0.40074299999999996,0.348812,0.019069,0.027479000000000003,0.021348,0.009118000000000001,0.008112999999999999,0.10080599999999999,0.114317,0.042135,0.019357,0.008941,0.0089,0.032111,0.011267000000000001,0.007994,1
0.420861,0.164776,0.318842,0.238402,0.471199,0.347023,0.006853,0.168076,0.019183000000000002,0.004057,0.005412,0.346609,0.068662,0.024131,0.05488,0.003486,0.023091999999999998,0.031197000000000003,0.020063,0.008542000000000001,1
0.317828,0.120913,0.181241,0.243407,0.298687,0.25012,0.08100800000000001,0.004152,0.053435,0.144336,0.06298,0.017402,0.003214,0.034406,0.005755,0.003998,0.028005000000000002,0.161385,0.037135,0.004722,0
0.264351,0.09739400000000001,0.19898,0.149417,0.2936,0.192842,0.048741,0.168176,0.052145000000000004,0.023372999999999998,0.02702,0.022571,0.012379000000000001,0.00481,0.175822,0.035548,0.009212,0.010886,0.006718000000000001,0.014821,0
0.195667,0.329776,0.012806,0.23329499999999997,0.039001999999999995,0.254184,0.044721,0.034972,0.022302000000000002,0.015786,0.030846,0.144318,0.062544,0.026037,0.014746,0.007918999999999999,0.014901,0.010071,0.012661,0.027322000000000003,5
0.403723,0.154033,0.22626999999999997,0.012399,0.303448,0.26620900000000003,0.010862,0.025499,0.01123,0.004527000000000001,0.011051,0.069123,0.019674,0.011041,0.00675,0.013300999999999999,0.013077000000000002,0.008516,0.0072840000000000005,0.017912,1
0.176552,0.28725500000000004,0.20466700000000002,0.276713,0.406557,0.290952,0.013959000000000001,0.015132,0.0026030000000000003,0.01278,0.181148,0.041556,0.00815,0.012187,0.027417,0.0029690000000000003,0.0036009999999999996,0.002402,0.035287,0.127869,1
0.206448,0.332255,0.006287,0.23314200000000002,0.384392,0.331594,0.031432,0.031675999999999996,0.012937,0.00297,0.00969,0.10986800000000001,0.057736,0.024674,0.01143,0.0053560000000000005,0.016897,0.009404000000000001,0.010342,0.011881999999999998,1
0.208894,0.3401,0.242211,0.32608200000000004,0.028163999999999998,0.278878,0.021499,0.07713400000000001,0.027731,0.012351,0.01351,0.283568,0.221887,0.104939,0.023799,0.009184000000000001,0.018803999999999998,0.05636,0.014213,0.013893,5
0.194772,0.319316,0.226398,0.00685,0.30301,0.27024499999999996,0.054676,0.083709,0.041886,0.022836000000000002,0.072187,0.376581,0.17613900000000002,0.07019199999999999,0.030535000000000003,0.042248,0.043394999999999996,0.028614999999999998,0.026232,0.081826,5
0.399335,0.47204700000000005,0.071741,0.29820399999999997,0.363605,0.310309,0.028107999999999998,0.039036,0.007614,0.006183,0.028789,0.09387999999999999,0.02242,0.009235,0.007542,0.042904000000000005,0.008681999999999999,0.010406,0.007506999999999999,0.065983,1
0.22636399999999998,0.367965,0.263712,0.354408,0.43348400000000004,0.387911,0.007849,0.005541,0.043759,0.009792,0.007773,0.012613,0.095386,0.221429,0.008931,0.004929,0.014518999999999999,0.00513,0.038504000000000004,0.009581999999999999,1
0.41246499999999997,0.156395,0.30906100000000003,0.23200199999999999,0.458995,0.336889,0.001841,0.084561,0.01,0.002045,0.00411,0.202224,0.048309,0.007404000000000001,0.004185,0.0031579999999999998,0.013203,0.003973,0.007148000000000001,0.011433,5
0.204938,0.33209099999999997,0.23761999999999997,0.320002,0.017237,0.277185,0.007631000000000001,0.013196000000000001,0.006848000000000001,0.002648,0.003573,0.090538,0.058210000000000005,0.0171,0.008934000000000001,0.0034729999999999995,0.0084,0.012345,0.008342,0.0072120000000000005,5
0.13464,0.227152,0.16510899999999998,0.21709099999999998,0.26613400000000004,0.20836999999999997,0.051761,0.04817,0.07625,0.031685000000000005,0.020097,0.017759,0.021967,0.012283,0.034504,0.047091,0.040779,0.026059,0.0164,0.013662,4
0.384995,0.143848,0.21641300000000002,0.293135,0.361788,0.308485,0.027717000000000002,0.015227000000000001,0.007779,0.010837000000000001,0.039242,0.035235,0.01633,0.014628,0.020072,0.024784999999999998,0.0067150000000000005,0.01114,0.026154000000000004,0.14391500000000002,5
0.137836,0.23267600000000002,0.165376,0.22163400000000003,0.326115,0.220583,0.161821,0.088898,0.27851,0.136243,0.050161000000000004,0.0142,0.067954,0.012884999999999999,0.040652,0.140175,0.108177,0.03714,0.006922,0.009178,4
0.130957,0.21274200000000001,0.15037899999999998,0.204854,0.005862,0.192099,0.052542,0.131972,0.067095,0.029585000000000004,0.024493,0.02255,0.010345,0.005569,0.114401,0.033832999999999995,0.007711,0.0052840000000000005,0.008892,0.0058119999999999995,0
0.414918,0.155496,0.011955,0.3087,0.038431,0.25305900000000003,0.06386599999999999,0.085633,0.023069,0.013452,0.026262,0.180859,0.056379,0.029970999999999998,0.018442,0.016622,0.020743,0.014397,0.01326,0.024791,5
