Att2,Att3,Att4,Att5,Att7,Att8,Att15,Att16,Att17,Att18,Att19,Att20,Att21,Att22,Att23,Att26,Att27,Att29,Att30,Att32,label
0.121672,0.254182,0.176099,0.286964,0.237664,0.025672000000000004,0.006340999999999999,0.081958,0.037732999999999996,0.010415,0.006784999999999999,0.010078,0.004543,0.010681,0.00486,0.021475,0.081176,0.021151,0.005202,0.005777,4
0.220466,0.013855000000000001,0.16037200000000001,0.21133400000000002,0.134899,0.16508699999999998,0.226741,0.124761,0.08443099999999999,0.062748,0.038041000000000005,0.051773,0.041687,0.053716,0.058934,0.09368,0.05254400000000001,0.02953,0.043592,0.037476999999999996,0
0.11068199999999999,0.170534,0.210383,0.25971,0.25066,0.036779,0.200666,0.072757,0.029917000000000003,0.021227,0.011669,0.03211,0.010801999999999999,0.011739,0.011695,0.10398699999999998,0.037987,0.010404,0.014959,0.009643,4
0.245835,0.188296,0.23199,0.006458,0.22624299999999997,0.10610599999999999,0.047945999999999996,0.14518699999999998,0.089504,0.047652999999999994,0.025858,0.022945,0.019527000000000003,0.026244,0.011562000000000001,0.040273,0.09593600000000001,0.029731,0.015948,0.014315999999999999,0
0.41229399999999994,0.0129,0.002364,0.36826,0.343885,0.03621,0.041464,0.013299,0.04067,0.019257,0.010144,0.010426000000000001,0.012906,0.043386,0.09684,0.018653,0.01236,0.012212,0.009683,0.017236,1
0.24515900000000002,0.187135,0.230727,0.286061,0.23596799999999998,0.116177,0.032186,0.161724,0.10581700000000001,0.042802,0.011072,0.008248,0.020682,0.015328999999999999,0.010406,0.032749,0.083215,0.01182,0.006425,0.017334,2
0.135663,0.21774899999999997,0.264361,0.011939,0.211677,0.099254,0.039623,0.019180000000000003,0.09540599999999999,0.237994,0.073538,0.039166,0.028210000000000002,0.030656,0.022636,0.013834,0.015056,0.047594,0.186889,0.10351800000000001,0
0.255931,0.019056,0.237742,0.179079,0.282335,0.16761199999999998,0.049342000000000004,0.11062999999999999,0.146519,0.106116,0.051327,0.038432,0.022091,0.027304000000000002,0.019423,0.01495,0.037413999999999996,0.029483,0.023485,0.015974000000000002,2
0.217015,0.163556,0.199402,0.245294,0.194939,0.125589,0.44967299999999993,0.157661,0.06525,0.040916,0.067952,0.05318099999999999,0.027006,0.01464,0.063613,0.074369,0.026258,0.028048000000000003,0.015058000000000002,0.028712,2
0.34089899999999995,0.255552,0.314372,0.38911999999999997,0.27173,0.006497,0.057165999999999995,0.014109,0.005213000000000001,0.008048999999999999,0.031802,0.155922,0.080435,0.035271,0.010523999999999999,0.00487,0.016305,0.005944,0.007047,0.007411,1
0.242533,0.182842,0.22565100000000002,0.276408,0.226596,0.232879,0.14996900000000002,0.380158,0.207914,0.071701,0.030251,0.012749,0.052013,0.024371,0.016453,0.144678,0.167417,0.019958,0.008022,0.021176,4
0.101592,0.16513599999999998,0.203955,0.299638,0.199043,0.07053,0.48740500000000003,0.088185,0.043552,0.063901,0.045899,0.089573,0.027975999999999997,0.019445,0.03665,0.08580399999999999,0.024297,0.033618,0.015387,0.011287,4
0.49741,0.05678300000000001,0.17056300000000002,0.281385,0.23242800000000002,0.055105999999999995,0.084645,0.244504,0.048581,0.0286,0.044243,0.024199000000000002,0.032434,0.015090000000000001,0.019992,0.203644,0.255814,0.019795,0.017664,0.031659,2
0.294038,0.225358,0.275802,0.001893,0.23154899999999998,0.037946,0.018199,0.00805,0.031296,0.1283,0.090037,0.043629,0.013775,0.01565,0.009122,0.006059,0.008202,0.010338,0.033526,0.06572,0
0.18023,0.27820900000000004,0.336884,0.001829,0.368102,0.014421000000000002,0.010739,0.060273,0.015108000000000002,0.005076,0.008159,0.023599000000000002,0.12469200000000001,0.060396000000000005,0.017098,0.015216999999999998,0.004817,0.016819999999999998,0.007719,0.010855,5
0.301527,0.22849,0.276873,0.341495,0.282696,0.024465999999999998,0.039457,0.005741,0.017450999999999998,0.186449,0.142501,0.067941,0.01399,0.017998,0.009429,0.006575,0.010086,0.007575,0.026931999999999998,0.121369,3
0.290489,0.008011,0.19886600000000001,0.254621,0.258952,0.061502,0.017063,0.021773,0.056742999999999995,0.085605,0.051312,0.033533999999999994,0.016914,0.009321,0.012853999999999999,0.005929,0.007811,0.028104,0.051782,0.036203,0
0.10943,0.174492,0.211748,0.31508200000000003,0.212171,0.038935000000000004,0.322777,0.12024100000000001,0.028177999999999998,0.018194,0.012039,0.066706,0.014091,0.022468000000000002,0.007109000000000001,0.221791,0.072598,0.0055119999999999995,0.029194,0.012941,4
0.289092,0.21814099999999997,0.266083,0.33005,0.28217800000000004,0.040374,0.0064540000000000005,0.0038950000000000005,0.05222,0.237367,0.091037,0.020203,0.009972,0.024227000000000002,0.005561,0.012747,0.004302,0.020293000000000002,0.17618,0.054443,2
0.362192,0.007673999999999999,0.238112,0.3299,0.359761,0.063374,0.03903,0.027929000000000002,0.014202000000000001,0.017603999999999998,0.034633,0.08165700000000001,0.084077,0.059369000000000005,0.036152,0.014311,0.014791,0.012903,0.012278,0.014747999999999999,5
0.306696,0.235539,0.285661,0.35193800000000003,0.304948,0.010047,0.040718,0.003551,0.007423000000000001,0.08833300000000001,0.21348000000000003,0.151029,0.034502,0.015300999999999999,0.016486,0.023887000000000002,0.010064,0.005643,0.017238999999999997,0.141876,0
0.025901,0.188855,0.352547,0.255837,0.450568,0.046987,0.012991999999999998,0.014591999999999999,0.006067,0.004878,0.006331,0.011337999999999999,0.027889999999999998,0.064079,0.042436,0.005956,0.007108,0.004872,0.00744,0.0065650000000000005,5
0.10935999999999998,0.223917,0.155066,0.298509,0.197276,0.027542,0.210306,0.048594,0.021297999999999997,0.03224,0.011833,0.023235,0.008320999999999999,0.009606,0.019191999999999997,0.070775,0.019932,0.009035,0.012442,0.007004000000000001,4
0.125318,0.266363,0.18166,0.000782,0.24671300000000002,0.051571000000000006,0.004257,0.036502,0.11231600000000001,0.036061,0.011806,0.014952000000000002,0.0035600000000000002,0.022207,0.009408,0.004071,0.02257,0.08417000000000001,0.03143,0.00642,2
0.252589,0.18940099999999999,0.232283,0.286964,0.237598,0.083093,0.010421,0.13561800000000002,0.09063600000000001,0.032494999999999996,0.010144,0.014653999999999999,0.011087999999999999,0.0247,0.011101999999999999,0.017409,0.10500899999999999,0.026333999999999996,0.008646,0.016181,2
0.388626,0.12849000000000002,0.23684899999999998,0.293006,0.24350700000000003,0.185541,0.024227000000000002,0.239673,0.24406999999999998,0.109477,0.078997,0.073852,0.021998,0.17361600000000002,0.029325,0.021771000000000002,0.13575399999999999,0.09651799999999999,0.040494999999999996,0.015378,4
0.462341,0.054564,0.159505,0.260952,0.20946199999999998,0.015558,0.156328,0.055403999999999995,0.011444,0.014195,0.005849,0.018374,0.006365,0.007836,0.004635,0.11331199999999998,0.043452,0.003682,0.013858,0.004034,2
0.386251,0.285649,0.346935,0.006559000000000001,0.372448,0.019059,0.023728,0.0373,0.016678,0.009691,0.012239,0.044892,0.12325799999999999,0.227098,0.11378599999999998,0.011923999999999999,0.012606000000000001,0.015795,0.035309,0.01487,1
0.207696,0.428721,0.29276599999999997,0.578439,0.44121000000000005,0.005801,0.032381,0.0024170000000000003,0.057613,0.005086,0.01115,0.002221,0.003054,0.007670000000000001,0.119503,0.006063000000000001,0.0029620000000000002,0.018162,0.0054210000000000005,0.024706,3
0.258267,0.20005799999999999,0.24315,0.299048,0.243475,0.165676,0.014043,0.091419,0.22340700000000002,0.11424300000000001,0.0301,0.020262,0.007758,0.034748,0.027126,0.007006999999999999,0.042427,0.083354,0.040941000000000005,0.009683,2
0.12240899999999999,0.19306500000000001,0.23684899999999998,0.351625,0.24367800000000003,0.06959299999999999,0.011362,0.100759,0.089906,0.033505,0.012024,0.013166999999999998,0.006194,0.023981,0.007456999999999999,0.008753,0.067548,0.03518,0.007167,0.006984000000000001,4
0.32600500000000004,0.24716100000000002,0.29881199999999997,0.37252199999999996,0.32769299999999996,0.006822,0.026098000000000003,0.007142,0.0033640000000000002,0.014368,0.134827,0.145448,0.04003,0.008936,0.006326,0.017712000000000002,0.00867,0.004818,0.003159,0.021572,1
0.373704,0.0013310000000000002,0.254757,0.340906,0.38001799999999997,0.01285,0.007386,0.033371,0.008646,0.003896,0.005249,0.016463,0.06600700000000001,0.06271900000000001,0.021037,0.004684000000000001,0.0059240000000000004,0.010856000000000001,0.008699,0.009867,5
0.064033,0.164493,0.050612,0.10930999999999999,0.139711,0.036331,0.035423,0.025626999999999997,0.017592,0.025289,0.037331,0.048533,0.024353,0.021255,0.018924,0.014008000000000001,0.017747,0.013121,0.012475,0.020831,1
0.27665700000000004,0.20717600000000003,0.253992,0.034203,0.234542,0.049609,0.004646,0.010177,0.077426,0.06907,0.02456,0.007912,0.005652,0.0043619999999999996,0.012085,0.0034189999999999997,0.005306,0.039322,0.048629,0.0062770000000000005,0
0.12103499999999999,0.187177,0.226556,0.280696,0.22832399999999997,0.045949000000000004,0.022425999999999998,0.1216,0.050439,0.019542,0.013731,0.008288,0.018503,0.012998,0.011587,0.054204999999999996,0.099888,0.01706,0.007802,0.016533000000000003,4
0.171771,0.073173,0.039505,0.092593,0.002681,0.124356,0.088947,0.07935,0.07649,0.08204199999999999,0.072309,0.06271900000000001,0.067044,0.07171699999999999,0.06825,0.052975,0.046374,0.054327,0.051412,0.062819,3
0.421907,0.06662799999999999,0.258392,0.379693,0.347495,0.02635,0.003363,0.006706999999999999,0.132721,0.060565999999999995,0.013166999999999998,0.009821,0.018086,0.003974,0.034518,0.009370999999999999,0.004227000000000001,0.125975,0.15463,0.012263,2
0.206877,0.157444,0.193113,0.238637,0.187063,0.117209,0.218218,0.083565,0.04469,0.030767000000000003,0.07396900000000001,0.032537,0.015296,0.025626999999999997,0.099737,0.022106,0.015788,0.011082999999999999,0.01404,0.10363599999999999,4
0.182544,0.018294,0.16527,0.24431599999999998,0.294574,0.044467,0.024588,0.016963,0.017494,0.007383,0.010927,0.043963,0.058409,0.048283,0.028301,0.018261000000000003,0.008463,0.018218,0.013218,0.0118,5
0.11220699999999999,0.236112,0.160474,0.318605,0.214421,0.019874,0.057713,0.045255000000000004,0.015761,0.008158,0.009507,0.012773,0.0070739999999999996,0.006093,0.004922999999999999,0.058842,0.031668,0.00462,0.006876999999999999,0.005857,2
0.19428299999999998,0.301872,0.354192,0.36233000000000004,0.307156,0.004511,0.006007,0.020406,0.0231,0.019112,0.003991,0.004903,0.009164,0.10493,0.069287,0.004287,0.012339,0.004903,0.014824,0.009395,3
0.258955,0.195974,0.24204,0.297456,0.24902,0.194296,0.018197,0.134602,0.29727,0.12847999999999998,0.036823,0.02851,0.007243,0.096241,0.022886,0.008676,0.056185,0.139845,0.047904,0.006947,2
0.210331,0.43620299999999995,0.29789299999999996,0.491464,0.451164,0.0017469999999999999,0.055573000000000004,0.002264,0.011448,0.020982,0.016336,0.001995,0.002236,0.004626,0.035231,0.009223,0.00316,0.002805,0.021828,0.005252000000000001,3
0.13786500000000002,0.285313,0.194733,0.012449,0.317565,0.038819,0.012653,0.01169,0.077462,0.16320199999999999,0.051684,0.026302,0.019415,0.016687,0.017485,0.012231,0.010779,0.066621,0.20779,0.0626,0
0.197102,0.15138800000000002,0.18379,0.227831,0.175947,0.127736,0.157313,0.047281000000000004,0.024992,0.034549,0.020735,0.013725,0.004484,0.051682000000000006,0.11511099999999999,0.004399,0.019816999999999998,0.0037020000000000004,0.009252,0.074068,4
0.22284600000000002,0.170604,0.20959299999999997,0.255837,0.20588,0.031994,0.12435399999999999,0.052039999999999996,0.021324,0.0118,0.0054,0.028837,0.007726,0.007523,0.006795999999999999,0.038943,0.0119,0.006993000000000001,0.012721,0.007017,0
0.161634,0.007334,0.034116,0.087092,0.180646,0.07749299999999999,0.035339999999999996,0.049186,0.025463,0.023888999999999997,0.021401,0.049467000000000004,0.090054,0.051249,0.030045999999999996,0.020613999999999997,0.011031000000000001,0.024206000000000002,0.020207,0.015359999999999999,1
0.22235700000000003,0.170003,0.208866,0.255035,0.204773,0.146135,0.44190799999999997,0.219744,0.102031,0.053753999999999996,0.017909,0.086173,0.02264,0.021929,0.015449000000000001,0.11676600000000001,0.043821,0.02323,0.026152999999999996,0.011136,0
0.11238900000000002,0.24135700000000002,0.16175,0.271131,0.213247,0.036566,0.058933000000000006,0.09944700000000001,0.028406,0.015238,0.024965,0.008979000000000001,0.013779,0.007337000000000001,0.006529000000000001,0.10865699999999999,0.077878,0.008206,0.004538,0.004705,2
0.352272,0.266825,0.325367,0.006335,0.348756,0.005536,0.024021999999999998,0.004997,0.003145,0.002616,0.005642,0.06663999999999999,0.059972000000000004,0.030417000000000003,0.005393,0.002774,0.003698,0.004342,0.0072,0.0070209999999999995,3
0.110972,0.235161,0.160347,0.260563,0.209862,0.046132,0.183015,0.107241,0.030508999999999998,0.019687,0.015988,0.024337,0.013683,0.011508,0.009907,0.157717,0.079,0.006848000000000001,0.01635,0.010442,4
0.42375100000000004,0.320641,0.012181,0.38048200000000004,0.42768199999999995,0.027425,0.114726,0.00955,0.046138,0.01959,0.018465000000000002,0.006043,0.008777,0.038625,0.195384,0.030048000000000002,0.011369,0.018767,0.010478,0.035122,3
0.122655,0.24876900000000002,0.16711900000000002,0.336644,0.22994299999999998,0.064182,0.042245,0.22457600000000003,0.062054,0.032163,0.02103,0.008862,0.033023000000000004,0.013769,0.012251999999999999,0.149489,0.22223800000000002,0.01425,0.01238,0.016946,4
0.379349,0.290838,0.017394999999999997,0.033637,0.30182800000000004,0.014513,0.006035,0.019678,0.006625,0.005789,0.00286,0.00468,0.027566000000000004,0.102174,0.0643,0.003137,0.0054,0.0045520000000000005,0.014456,0.004845,3
0.186308,0.296068,0.364269,0.0013160000000000001,0.331408,0.01523,0.018909,0.058266,0.0372,0.022069,0.0041140000000000005,0.010968,0.04989,0.35034099999999996,0.148179,0.006668,0.006437000000000001,0.005229,0.040969,0.008787999999999999,1
0.34157,0.019046,0.237602,0.21802800000000003,0.18581199999999998,0.051233,0.064805,0.030357,0.015857,0.025528,0.081178,0.177233,0.11043499999999999,0.077153,0.032124,0.019091999999999998,0.020367,0.014367,0.015590000000000001,0.030894,5
0.134026,0.201275,0.24380100000000002,0.303724,0.24439699999999998,0.036451,0.00771,0.030226999999999997,0.080666,0.039528,0.019066,0.015373,0.007378,0.013077000000000002,0.020130000000000002,0.00586,0.018423,0.053689,0.030253,0.006914,2
0.23462199999999997,0.177611,0.219707,0.27093,0.260617,0.06527000000000001,0.065515,0.114277,0.053966999999999994,0.009812999999999999,0.01025,0.007317000000000001,0.011581999999999999,0.004711,0.005104999999999999,0.065834,0.051687000000000004,0.0059299999999999995,0.0039049999999999996,0.0041670000000000006,4
0.100236,0.223106,0.15481099999999998,0.006551,0.188823,0.11873,0.3195,0.10855699999999999,0.05784500000000001,0.06032100000000001,0.046474,0.053158000000000004,0.027530000000000002,0.033083,0.082289,0.130216,0.062254,0.021365000000000002,0.026657,0.037487,4
0.218054,0.013328,0.19964400000000002,0.146836,0.18542,0.055447,0.101008,0.039580000000000004,0.019216,0.014633000000000002,0.01235,0.011423,0.008597,0.008641,0.016968,0.02002,0.008519,0.0076170000000000005,0.009453,0.013852000000000001,4
0.174298,0.272754,0.332458,0.41182299999999994,0.36344099999999996,0.011512999999999999,0.028881,0.06394,0.021297999999999997,0.002449,0.0058909999999999995,0.077986,0.30182,0.129527,0.027163999999999997,0.020464,0.002089,0.026074,0.003696,0.006971,5
0.145678,0.302124,0.205473,0.583579,0.445766,0.008472,0.009019,0.004215,0.008237000000000001,0.065961,0.036881,0.014374000000000001,0.006132,0.011515000000000001,0.005821,0.006156,0.007081999999999999,0.008286,0.023267,0.080183,0
0.132436,0.271314,0.18316500000000002,0.303737,0.24704600000000002,0.10572100000000001,0.010738,0.04726,0.19761099999999998,0.104833,0.035731,0.02995,0.017185,0.021162,0.022473,0.0064459999999999995,0.019426,0.129928,0.094955,0.017109,2
0.282497,0.2134,0.260114,0.011511,0.26426900000000003,0.041354,0.012824,0.019035,0.077355,0.145068,0.07120900000000001,0.03594,0.020555,0.01292,0.027038999999999997,0.009448,0.007629,0.047369999999999995,0.128511,0.04245,0
0.028486,0.182142,0.254183,0.185134,0.253684,0.025730000000000003,0.016653,0.013404,0.010966,0.008763,0.011937,0.026404,0.035655,0.032491,0.021068,0.008440000000000001,0.006169,0.009314,0.009706000000000001,0.01166,5
0.194937,0.399365,0.27520300000000003,0.011708,0.469739,0.007343000000000001,0.009332,0.014262,0.041061,0.012631,0.0034630000000000004,0.006249,0.016909,0.148444,0.095999,0.005092,0.006218,0.005047,0.010646,0.008596,3
0.207598,0.049413,0.199516,0.066673,0.118922,0.113497,0.052648,0.029459,0.02391,0.030791000000000002,0.024281999999999998,0.027769,0.01551,0.025804,0.035454,0.026888,0.024257,0.020577,0.031653,0.020719,3
0.30351100000000003,0.23051799999999997,0.27678400000000003,0.341696,0.346198,0.025682999999999997,0.036156,0.005115,0.022732,0.12724100000000002,0.121179,0.07315,0.025253,0.017536000000000003,0.01013,0.012208,0.011986,0.008614,0.028096,0.113,0
0.400586,0.097553,0.270636,0.372773,0.34444600000000003,0.107821,0.025086,0.017700999999999998,0.03517,0.017065,0.006271,0.01066,0.019148,0.073962,0.06546,0.012112999999999999,0.010484,0.012718,0.021227,0.009594,1
0.35065100000000005,0.265538,0.32054499999999997,0.001648,0.34675900000000004,0.019693000000000002,0.090028,0.028522000000000002,0.009322,0.008364,0.043408999999999996,0.325335,0.18265499999999998,0.107884,0.027122000000000004,0.008309,0.022385,0.010531,0.030881,0.006901999999999999,5
0.210009,0.320529,0.390365,0.005446,0.508606,0.027236,0.073138,0.010391,0.047189,0.035719,0.023053,0.005142,0.005691,0.014371,0.12420899999999999,0.029737,0.011798000000000001,0.023577,0.009446,0.047943,3
0.10230700000000001,0.219889,0.149697,0.248654,0.197185,0.019093000000000002,0.106576,0.023475,0.010655,0.017981,0.009528,0.009314,0.006384,0.005994,0.012159,0.026235,0.008713,0.006845,0.0054280000000000005,0.004415,4
0.35297,0.000302,0.32509899999999997,0.238474,0.353207,0.014152000000000001,0.028985000000000004,0.0129,0.007797,0.008435,0.024944,0.099377,0.096853,0.070622,0.02167,0.007331999999999999,0.008384,0.007729000000000001,0.013396000000000002,0.013165999999999999,5
0.293423,0.22500799999999999,0.275521,0.0065780000000000005,0.281669,0.0194,0.016907,0.004579,0.019371,0.08479600000000001,0.05982899999999999,0.030157,0.012339,0.01176,0.007437,0.008717,0.006613,0.01146,0.039049,0.053449,1
0.230327,0.1708,0.2056,0.017205,0.151186,0.21118699999999999,0.397362,0.27554,0.11468099999999999,0.067876,0.052715,0.09169,0.035757,0.043117,0.031379000000000004,0.11236199999999999,0.0603,0.029142,0.039316000000000004,0.032157,0
0.028288,0.09274400000000001,0.2594,0.340994,0.282525,0.025663,0.014294,0.043407,0.010813,0.007673999999999999,0.0074670000000000005,0.010149,0.046662,0.041802,0.013537,0.006469,0.008187999999999999,0.011897,0.013850999999999999,0.009512,1
0.365545,0.27862800000000004,0.336871,0.416022,0.356256,0.007885,0.009285,0.041725,0.022851,0.005229999999999999,0.006369,0.037585,0.174267,0.14155299999999998,0.039335,0.014125,0.005021,0.027785,0.009328,0.009392,3
0.102849,0.223847,0.153829,0.25350500000000004,0.245392,0.053034000000000005,0.39532,0.071242,0.047124,0.050798,0.017454,0.053072,0.02446,0.016781,0.018897999999999998,0.113568,0.018709,0.031904,0.01565,0.006813,4
0.22198600000000002,0.164884,0.20520500000000003,0.006567,0.190617,0.142001,0.241116,0.108696,0.069927,0.042231,0.029457,0.049219,0.020271,0.016381,0.023863,0.059238,0.027004000000000004,0.017612,0.019351,0.017015,4
0.376303,0.283202,0.347738,0.42270399999999997,0.378862,0.008662000000000001,0.008061,0.034817,0.019231,0.005364,0.005185,0.021313,0.083767,0.132172,0.05488099999999999,0.008514,0.011686,0.024799,0.015444999999999999,0.013748,3
0.34257600000000005,0.008298,0.237946,0.028344,0.268138,0.028957,0.046158,0.013447,0.008343000000000001,0.011214,0.043774,0.164245,0.115105,0.061099,0.009803000000000001,0.007084,0.013524000000000001,0.007125,0.008011,0.009385,1
0.5100399999999999,0.06079,0.173101,0.287591,0.23815100000000003,0.052726,0.016684,0.194583,0.080166,0.020721,0.01154,0.037255,0.010412000000000001,0.027893,0.009552,0.038898,0.203697,0.052063,0.012368,0.011575,4
0.124477,0.20017000000000001,0.24213,0.298923,0.24217800000000003,0.09877799999999999,0.028419999999999997,0.0902,0.207129,0.08121,0.029044,0.036462,0.015483000000000002,0.030336000000000002,0.023466,0.011441,0.050233,0.151588,0.07503,0.014796,2
0.472289,0.15773800000000002,0.012264,0.277173,0.29275100000000004,0.08868999999999999,0.081731,0.022062000000000002,0.05581799999999999,0.182444,0.254738,0.18758699999999998,0.08917,0.065444,0.031734,0.05374299999999999,0.022074,0.015013999999999998,0.024193,0.092541,1
0.26784600000000003,0.008631999999999999,0.18803699999999998,0.228107,0.16222899999999998,0.283244,0.117896,0.194473,0.307612,0.263453,0.16053399999999998,0.116388,0.04908,0.044981,0.044713,0.039731,0.085649,0.137051,0.155135,0.074311,0
0.362527,0.014244999999999999,0.253418,0.329987,0.356852,0.023029,0.035997,0.025391999999999998,0.014015999999999999,0.009064000000000001,0.019531,0.056606,0.073421,0.05167000000000001,0.021889,0.011479000000000001,0.0076359999999999996,0.014516999999999999,0.008462,0.012269,1
0.40936,0.30854299999999996,0.375225,0.464211,0.42246000000000006,0.002017,0.03439,0.0033229999999999996,0.060633000000000006,0.019088,0.00236,0.003529,0.007597,0.10759300000000001,0.337412,0.005752,0.009595000000000001,0.004746,0.0030670000000000003,0.033076,1
0.112028,0.237469,0.161469,0.321488,0.216741,0.013309999999999999,0.047830000000000004,0.046142,0.01004,0.006266,0.012187,0.009884,0.010414,0.007840999999999999,0.0042439999999999995,0.07473300000000001,0.043206,0.003558,0.005173,0.009093,4
0.37714200000000003,0.28978899999999996,0.011581000000000001,0.347149,0.38408400000000004,0.022059,0.008846,0.08313999999999999,0.012966,0.006028,0.003942,0.015046,0.10501500000000001,0.21483400000000002,0.079737,0.006601,0.020396,0.014722999999999998,0.049953,0.00872,1
0.122474,0.24816799999999997,0.17226,0.28147300000000003,0.21512199999999998,0.056474,0.035439,0.08718300000000001,0.050864,0.028571,0.023441,0.017002,0.011105,0.014575999999999999,0.018793,0.037997,0.07305299999999999,0.023386,0.016280000000000003,0.019351,4
0.35026,0.261678,0.01222,0.315521,0.33876799999999996,0.027221,0.052071000000000006,0.012398000000000001,0.007123999999999999,0.009574,0.012667,0.126742,0.081562,0.042161000000000004,0.010213,0.005535,0.011622,0.006818,0.008545,0.008362,1
0.264887,0.200771,0.24350700000000003,0.362543,0.251704,0.06905900000000001,0.00318,0.02985,0.12063199999999999,0.056148,0.012675,0.009875,0.0034,0.012668,0.011604000000000001,0.003082,0.015378999999999999,0.067385,0.028827,0.008975,4
0.09914400000000001,0.21784699999999999,0.148842,0.24509299999999998,0.18753699999999998,0.049913,0.136002,0.029616000000000003,0.021945,0.017995,0.025253,0.019734,0.011226,0.02061,0.065094,0.019452,0.010928,0.011484000000000001,0.00877,0.015694,4
0.389297,0.295565,0.451766,0.356752,0.572286,0.001791,0.004913,0.011437000000000001,0.004671,0.008622,0.003035,0.004753,0.020682,0.141735,0.10352,0.006208,0.00294,0.0035060000000000004,0.021799000000000002,0.006609,3
0.244732,0.187862,0.22709200000000002,0.28205,0.229204,0.13281600000000002,0.08299,0.20117000000000002,0.11264400000000001,0.063193,0.035013,0.019857,0.02485,0.028111,0.016166999999999997,0.062447,0.105182,0.019071,0.014319,0.022954,4
0.09869700000000001,0.157136,0.192386,0.234488,0.182595,0.060574,0.130733,0.038002999999999995,0.020859,0.008937,0.028618,0.015071000000000001,0.006567,0.009518,0.083723,0.010234,0.007377,0.005448,0.0035670000000000003,0.050937,2
0.326648,0.23671399999999998,0.292319,0.006512,0.301898,0.143921,0.19297899999999998,0.052364,0.075304,0.173282,0.36295700000000003,0.416695,0.181676,0.107678,0.085781,0.074169,0.05209199999999999,0.026733,0.042068,0.211024,1
0.208366,0.423084,0.287881,0.0063100000000000005,0.5097970000000001,0.011996,0.075766,0.0051719999999999995,0.084498,0.013891999999999998,0.009332,0.004645000000000001,0.005149,0.019763,0.206179,0.021735,0.006873000000000001,0.032869999999999996,0.006169,0.050950999999999996,3
0.29088,0.218631,0.265484,0.017299000000000002,0.266322,0.02797,0.009417,0.007517,0.031823000000000004,0.099717,0.067952,0.025171000000000002,0.007240000000000001,0.009431,0.007629,0.005291,0.005122,0.013094999999999999,0.049168,0.035744,0
0.29498800000000003,0.302697,0.204886,0.340994,0.27813699999999997,0.011165000000000001,0.006886,0.0027,0.009398,0.079488,0.061952,0.029194,0.005695,0.007088,0.004995,0.0033469999999999997,0.004607,0.004454,0.018997,0.047602,0
0.26966799999999996,0.001505,0.188024,0.174679,0.150821,0.11561700000000001,0.025822,0.053964,0.133642,0.117845,0.060136,0.03032,0.0164,0.024993,0.021772,0.009785,0.014296000000000001,0.055663,0.065971,0.016383,1
0.269733,0.206183,0.25266500000000003,0.007479,0.305964,0.071689,0.005731,0.015090000000000001,0.10361600000000001,0.085512,0.028568,0.0129,0.010796,0.008256999999999999,0.017575,0.005108,0.007201999999999999,0.050036000000000004,0.046649,0.0071189999999999995,2
0.267855,0.20138599999999998,0.24872399999999997,0.304452,0.46500699999999995,0.08766900000000001,0.006304,0.026487,0.12609700000000001,0.082335,0.025660000000000002,0.008752,0.0067209999999999995,0.008042,0.011122,0.004157,0.008020999999999999,0.060013,0.045736,0.011188,0
0.13475499999999999,0.206002,0.37999499999999997,0.245169,0.304142,0.04158,0.006759,0.019908000000000002,0.12659700000000002,0.06601,0.023911,0.022933000000000002,0.012561,0.010091,0.030191000000000003,0.005787,0.01564,0.108547,0.116725,0.017225999999999998,2
0.148254,0.230169,0.281516,0.34716199999999997,0.299971,0.01259,0.043054,0.003095,0.011018,0.158679,0.137985,0.054715999999999994,0.011262999999999999,0.012329999999999999,0.023979,0.007490999999999999,0.016443,0.007223,0.028539,0.273455,0
0.185807,0.141459,0.17538399999999998,0.215809,0.163617,0.064779,0.04797,0.015325,0.007315,0.017502,0.0058590000000000005,0.0019690000000000003,0.016181,0.061591,0.033144,0.005603,0.001582,0.008298999999999999,0.034496,0.009061,0
0.341458,0.11457300000000001,0.210434,0.260488,0.209623,0.07863400000000001,0.204626,0.12107000000000001,0.055042999999999995,0.021871,0.009146,0.056209,0.010308,0.015668,0.006063000000000001,0.050476,0.022744999999999998,0.005304,0.026045,0.006027,4
0.785954,0.092165,0.011761,0.265916,0.338908,0.012085,0.011115,0.026254000000000003,0.017292,0.007974,0.008804000000000001,0.016837,0.021667,0.10007100000000001,0.031991000000000006,0.0075569999999999995,0.0145,0.007055,0.010336,0.009754,3
0.351853,0.26650300000000005,0.325239,0.406181,0.456701,0.003582,0.034276,0.011881000000000001,0.005104999999999999,0.0035789999999999997,0.015843,0.085605,0.087052,0.053435,0.012424,0.003587,0.0060479999999999996,0.006673999999999999,0.004867,0.0040479999999999995,1
0.18521500000000002,0.297033,0.364064,0.011747,0.396771,0.009218,0.01151,0.028245,0.019525999999999998,0.013099000000000001,0.005425999999999999,0.009672,0.015816999999999998,0.11411400000000001,0.033652,0.007937999999999999,0.00748,0.005693999999999999,0.014765,0.00713,1
0.423472,0.319158,0.0019510000000000003,0.37953000000000003,0.430346,0.011793999999999999,0.040654,0.006968000000000001,0.028652999999999998,0.012131,0.010467,0.0045850000000000005,0.006055,0.01839,0.085708,0.015709,0.008743,0.012551999999999999,0.005323,0.039922000000000006,3
0.424142,0.008394,0.292383,0.205542,0.251287,0.035857,0.078286,0.014329,0.01823,0.015703,0.012289,0.008034,0.00969,0.022725,0.080118,0.020405,0.017972,0.008785,0.010579999999999999,0.019354,1
0.16953900000000002,0.067906,0.149263,0.087634,0.088564,0.10438499999999999,0.060902,0.025083,0.029398,0.048005,0.054449000000000004,0.066578,0.060897,0.039008,0.032512,0.024249,0.015406,0.011857,0.020797,0.028051,3
0.234829,0.181317,0.220498,0.271043,0.220698,0.046808999999999996,0.04181,0.076071,0.040427,0.010623,0.008158,0.0071530000000000005,0.012871,0.005113,0.004105,0.031363,0.024946,0.00479,0.004526,0.006145,4
0.265499,0.199205,0.243443,0.299387,0.23935700000000001,0.09664299999999999,0.005482,0.041835000000000004,0.12125599999999999,0.068299,0.019402000000000003,0.012320000000000001,0.004985,0.023761,0.012161,0.003908,0.014859,0.05081,0.028232999999999998,0.00784,2
0.35079099999999996,0.350654,0.006889,0.233172,0.341502,0.031036,0.074353,0.017086,0.007077,0.011081,0.036655,0.173447,0.12496800000000001,0.07542599999999999,0.016585,0.005993,0.013881000000000001,0.006601,0.015487,0.011337999999999999,1
0.156221,0.24058800000000002,0.292995,0.43351000000000006,0.31434,0.0024059999999999997,0.006795999999999999,0.00123,0.001385,0.006314999999999999,0.090043,0.031424,0.007344,0.002843,0.004776,0.010119,0.001425,0.002433,0.001977,0.055163,1
0.197602,0.399267,0.271121,0.007028,0.473103,0.020411000000000002,0.028517,0.016138,0.043616,0.013709,0.004255,0.01011,0.023324,0.131985,0.103506,0.010401,0.009158,0.004816,0.016323,0.007723999999999999,3
0.46955,0.073952,0.286006,0.006035,0.356642,0.019932,0.024519,0.003628,0.006038,0.032695999999999996,0.064195,0.019606000000000002,0.00843,0.006411,0.021223,0.00975,0.005914,0.003853,0.007439,0.11261700000000001,5
0.111936,0.23739899999999997,0.16153299999999998,0.26629200000000003,0.21604,0.04353,0.125022,0.121297,0.034906,0.011774,0.026374,0.014486,0.016553000000000002,0.010355,0.005386,0.156927,0.082012,0.005854,0.007703,0.006023,2
0.218219,0.164633,0.203725,0.249406,0.18418299999999999,0.07839299999999999,0.242517,0.101037,0.035716000000000005,0.024002000000000002,0.019222,0.027995999999999997,0.012209999999999999,0.009124,0.021171000000000002,0.036964,0.013739,0.013487,0.009567,0.014963999999999998,4
0.350567,0.355758,0.2425,0.399951,0.356151,0.002177,0.081691,0.0057399999999999994,0.002814,0.0018670000000000002,0.00867,0.196578,0.148694,0.069758,0.007107,0.0029850000000000002,0.003797,0.0034579999999999997,0.009614,0.004258,3
0.184041,0.067652,0.039781,0.162932,0.129856,0.100695,0.0579,0.034539999999999994,0.044125,0.051435,0.034901,0.038838,0.046616000000000005,0.05360499999999999,0.049887,0.027382999999999998,0.018213,0.022849,0.03069,0.032791,3
0.267995,0.20481300000000002,0.24983400000000003,0.30977899999999997,0.251981,0.116337,0.010048999999999999,0.052886,0.24774699999999997,0.132025,0.060816999999999996,0.024841,0.02507,0.024163,0.04747,0.006222,0.018887,0.14536300000000002,0.10055,0.009453,2
0.23076,0.175262,0.215268,0.26035,0.213065,0.08804400000000001,0.161925,0.128212,0.061652,0.022444,0.016544999999999997,0.033264,0.017641,0.015036,0.0086,0.091448,0.042552,0.010935,0.017708,0.0129,4
0.040247000000000005,0.22505,0.31369600000000003,0.211898,0.211894,0.047175,0.12823900000000002,0.049218,0.023984000000000002,0.023089,0.023972999999999998,0.036982999999999995,0.021387,0.02518,0.030391,0.10834200000000001,0.056611,0.021786,0.019278,0.013783000000000002,3
0.307618,0.235301,0.287039,0.353104,0.299655,0.011595999999999999,0.021221,0.004335,0.005296,0.044407,0.117002,0.06314600000000001,0.011656999999999999,0.011658,0.011984,0.010437,0.006456,0.0034990000000000004,0.006058,0.103862,5
0.12471199999999999,0.265398,0.589389,0.298196,0.45561499999999994,0.02277,0.002798,0.023641,0.053202,0.014797999999999999,0.005344,0.011559,0.003396,0.007937999999999999,0.004282,0.004759,0.022466999999999997,0.044650999999999996,0.014869,0.009356,0
0.23019299999999998,0.17516400000000001,0.215651,0.265038,0.215763,0.11606300000000001,0.246435,0.182633,0.088798,0.018585,0.018722,0.045512000000000004,0.019283,0.013432,0.005693,0.130194,0.051762,0.004935,0.015899,0.008348000000000001,4
0.138407,0.217889,0.265904,0.395049,0.280124,0.023029,0.004108,0.0026260000000000003,0.032085,0.163937,0.051504999999999995,0.015318,0.0045590000000000006,0.023607,0.0038799999999999998,0.006803,0.003797,0.016097999999999998,0.16334,0.056548,2
0.240711,0.18190499999999998,0.221531,0.002356,0.21820599999999998,0.054611,0.041276,0.08323,0.041105,0.015068999999999999,0.014062999999999999,0.005803,0.013802000000000002,0.006548999999999999,0.0054670000000000005,0.048152999999999994,0.040111,0.0065840000000000004,0.0048189999999999995,0.0062770000000000005,0
0.015026,0.09716699999999999,0.26007600000000003,0.341019,0.30280999999999997,0.042162,0.015468,0.037761,0.019371,0.0070079999999999995,0.008283,0.016469,0.04937,0.07968099999999999,0.037105,0.009290999999999999,0.011578,0.018531,0.030126,0.014088999999999999,3
0.401117,0.303327,0.37041599999999997,0.455636,0.405568,0.013147999999999998,0.039861,0.011643,0.096647,0.028375,0.004075,0.007316,0.023333,0.21522600000000003,0.32755300000000004,0.010369,0.009909000000000001,0.008316,0.013771,0.031776,5
0.109634,0.218281,0.14874,0.24903000000000003,0.193435,0.030895999999999996,0.069023,0.026024000000000002,0.020486,0.014195,0.017344,0.011584,0.008145999999999999,0.008799,0.02912,0.013368000000000001,0.006773,0.008867,0.007133,0.014536000000000002,0
0.172059,0.36294699999999996,0.011973000000000001,0.239929,0.351525,0.012534,0.048359,0.018231999999999998,0.0064670000000000005,0.0048649999999999995,0.010731000000000001,0.063968,0.07443,0.029744999999999997,0.014976,0.013146000000000001,0.00636,0.0070739999999999996,0.008787999999999999,0.012106,5
0.363421,0.272559,0.332293,0.41115799999999997,0.366595,0.003288,0.016457,0.033847,0.027924,0.004023,0.008879999999999999,0.069613,0.182112,0.093405,0.021157,0.040611,0.003486,0.033918000000000004,0.006612000000000001,0.011004,3
0.258743,0.19935899999999998,0.242959,0.298033,0.24951700000000002,0.383369,0.021046000000000002,0.20155499999999998,0.476462,0.264019,0.059903,0.027977999999999996,0.008406,0.05756,0.03009,0.008138,0.068736,0.15295,0.05879500000000001,0.011341,2
0.327263,0.247944,0.007312999999999999,0.29299400000000003,0.314761,0.030926,0.04347,0.013177000000000001,0.005665,0.031494,0.144143,0.139101,0.044182,0.011866,0.011598,0.018838,0.014806999999999999,0.006551,0.0068189999999999995,0.040812,5
0.25248899999999996,0.002538,0.17268,0.22873400000000002,0.23246999999999998,0.061175,0.011375,0.07346699999999999,0.054183,0.022828,0.007781000000000001,0.009304,0.006519,0.012901,0.006289,0.010264,0.045839,0.013374,0.00533,0.010032,2
0.398099,0.013041,0.364358,0.265853,0.31640799999999997,0.009271,0.0078049999999999994,0.006992,0.007273999999999999,0.0054020000000000006,0.003932,0.006484,0.010999,0.056358000000000005,0.063053,0.005128,0.005025,0.005138,0.006906999999999999,0.006443000000000001,1
0.183754,0.28502,0.348172,0.432407,0.390602,0.0042,0.004399,0.099255,0.01415,0.002375,0.002601,0.006743000000000001,0.07979800000000001,0.115146,0.020181,0.005499,0.019835,0.016357,0.026287,0.009796,5
0.174152,0.270727,0.329729,0.40570500000000004,0.361759,0.004488000000000001,0.051945000000000005,0.026639,0.012896000000000001,0.002916,0.006255,0.095795,0.200259,0.080746,0.014966,0.013202,0.002971,0.01556,0.005539,0.008091,3
0.135294,0.21264499999999997,0.326272,0.255436,0.27306199999999997,0.039887,0.003322,0.005464,0.084979,0.097855,0.033344,0.015705,0.008959,0.0044659999999999995,0.019552,0.008124,0.0029010000000000004,0.061888,0.121397,0.008574,2
0.350986,0.260853,0.006739,0.31950700000000004,0.34833600000000003,0.019256,0.044382,0.020236,0.0092,0.009141,0.036557,0.178862,0.151284,0.091915,0.023098,0.007356999999999999,0.016985,0.010735,0.009016,0.008828,5
0.460413,0.054635,0.156252,0.310607,0.20776599999999998,0.019937,0.21209899999999998,0.053662,0.015371000000000001,0.020802,0.003191,0.028520999999999998,0.004264,0.0060539999999999995,0.00456,0.117454,0.028356,0.0036850000000000003,0.012747,0.002984,4
0.281435,0.21751199999999998,0.264922,0.001158,0.275336,0.056912,0.010126000000000001,0.017511000000000002,0.07904,0.12779200000000002,0.05019,0.026036,0.011609999999999999,0.01535,0.014450999999999999,0.007790000000000001,0.006993000000000001,0.042301,0.119549,0.025981999999999998,1
0.316448,0.013675,0.216442,0.287252,0.23512,0.021814,0.015215000000000001,0.007103,0.007795000000000001,0.025394,0.07965,0.06676499999999999,0.021899000000000002,0.011033,0.010263,0.012057,0.005318,0.0055780000000000005,0.005397,0.031142000000000003,3
0.373704,0.278377,0.583853,0.007495,0.737112,0.00565,0.0045049999999999995,0.015096,0.006243,0.0027890000000000002,0.00428,0.012812,0.046304000000000005,0.060687,0.026919,0.004452,0.003954999999999999,0.008147,0.006228,0.010706,5
0.32966599999999996,0.24814,0.303263,0.37393899999999997,0.321139,0.00935,0.050981,0.016655,0.0037920000000000002,0.013497,0.097861,0.136169,0.039764999999999995,0.010618,0.010116,0.024291,0.021228,0.009272,0.005833,0.018857,3
0.144404,0.22342800000000002,0.271351,0.334964,0.285602,0.015430000000000001,0.012604,0.00201,0.018093,0.204583,0.06515399999999999,0.022259,0.011054000000000001,0.026445,0.002451,0.009883,0.004177,0.007603,0.1143,0.114068,2
0.374906,0.278922,0.341616,0.417677,0.37293899999999996,0.004822,0.00455,0.016769,0.012837000000000001,0.003023,0.004203,0.013156999999999999,0.064037,0.088421,0.035941,0.005408,0.0038020000000000003,0.016142,0.01165,0.007737000000000001,3
0.112652,0.240616,0.16138,0.270115,0.220558,0.016967,0.052263,0.066777,0.013869,0.008069,0.012642,0.007882,0.008436,0.007067,0.006304,0.095567,0.064737,0.006587999999999999,0.005312,0.005825,2
0.23154499999999997,0.175583,0.215141,0.265953,0.21526599999999999,0.082884,0.158109,0.14554,0.06602000000000001,0.017668,0.011646,0.025096,0.012251,0.013354,0.004762,0.092953,0.045108999999999996,0.0051649999999999995,0.011276999999999999,0.005724,4
0.401424,0.404889,0.276618,0.455172,0.412892,0.004864,0.006412,0.004816,0.032123,0.012475,0.002184,0.003065,0.004725,0.084651,0.11676199999999999,0.0030960000000000002,0.002852,0.002601,0.005311,0.008974,3
0.125603,0.20558200000000001,0.247678,0.304452,0.25706599999999996,0.067467,0.007885,0.039796,0.235625,0.07269199999999999,0.028344,0.012551999999999999,0.01099,0.012227,0.03584,0.0031899999999999997,0.014921,0.188582,0.14208800000000002,0.013975,2
0.280485,0.284796,0.194134,0.319658,0.272049,0.051011,0.00233,0.0038770000000000002,0.11436199999999999,0.135192,0.041788,0.015104,0.019426,0.005666,0.02422,0.004884,0.002585,0.077645,0.17111600000000002,0.014969,0
0.363952,0.27274,0.336961,0.001549,0.365614,0.011889,0.018511,0.039132,0.016630000000000002,0.004436,0.009854,0.055867999999999994,0.143831,0.08159,0.025402,0.01431,0.00373,0.019637,0.005919,0.006045,5
0.48503100000000005,0.056094000000000005,0.165028,0.27266,0.22536599999999998,0.029827,0.068446,0.13153900000000002,0.026195999999999997,0.016097999999999998,0.04662,0.008183,0.022602,0.0068980000000000005,0.008654,0.183409,0.121654,0.010355,0.005557,0.006843999999999999,2
0.134104,0.279607,0.189249,0.31448000000000004,0.318651,0.020584,0.003993,0.004681,0.081951,0.042098000000000003,0.012107,0.008829,0.020593,0.0060609999999999995,0.009947,0.005444,0.004282,0.082707,0.09552000000000001,0.010091,0
0.42514799999999997,0.321312,0.391627,0.482162,0.441316,0.00218,0.037933,0.001837,0.017009,0.005943,0.012152,0.0019420000000000001,0.0022949999999999997,0.007572,0.063613,0.006155,0.002752,0.0069689999999999995,0.006778,0.015434,3
0.114166,0.252895,0.16678800000000002,0.286099,0.23576799999999998,0.09046699999999999,0.055281,0.198499,0.082915,0.039734,0.025480000000000003,0.016278,0.024894,0.016089,0.017678,0.084187,0.148544,0.014974000000000001,0.015524000000000001,0.028009,0
0.037923,0.182086,0.034339,0.222992,0.269413,0.065347,0.030215,0.026802999999999997,0.015568,0.017028,0.034361,0.06168099999999999,0.050686,0.046279,0.023006,0.015639,0.014066,0.010681,0.009588,0.015987,0
0.42341599999999996,0.007925,0.28192399999999995,0.368724,0.49174799999999996,0.041507,0.084906,0.028229,0.034879,0.023733,0.008403,0.010606,0.022861000000000003,0.072448,0.115026,0.047302,0.028189999999999996,0.009970999999999999,0.00822,0.024166,3
0.025541,0.109851,0.308888,0.405968,0.457682,0.032854,0.059565,0.010754000000000001,0.008713,0.049905,0.011923999999999999,0.007844,0.00563,0.009942,0.02021,0.025302,0.013244,0.007618000000000001,0.010275,0.008185,1
0.37865,0.007935,0.26451399999999997,0.34683600000000003,0.387133,0.018581,0.007487000000000001,0.034661000000000004,0.008179,0.006339,0.005914,0.010309,0.040829000000000004,0.10303499999999999,0.058263,0.005164,0.0066370000000000005,0.008307,0.016983,0.00981,5
0.338356,0.013571000000000001,0.033902999999999996,0.227994,0.156814,0.069865,0.077058,0.036462,0.022307,0.026218,0.053911,0.12701199999999999,0.060502,0.038748000000000005,0.02939,0.022379,0.028105,0.013736000000000002,0.018815000000000002,0.019378,1
0.027637000000000002,0.1635,0.221875,0.29338200000000003,0.21930999999999998,0.030907,0.015396,0.00535,0.004543999999999999,0.009484000000000001,0.042223000000000004,0.05911,0.022056,0.012296,0.006698999999999999,0.007659,0.006241,0.003414,0.00473,0.011445,5
0.390443,0.29654400000000003,0.362802,0.444504,0.402939,0.0060090000000000005,0.0075769999999999995,0.048744,0.021769,0.015377000000000002,0.003399,0.006255,0.031493,0.347171,0.18393900000000002,0.010989,0.006959,0.002931,0.028262,0.003811,3
0.377644,0.28529899999999997,0.011576999999999999,0.342398,0.52315,0.01278,0.004861,0.029764,0.007837,0.004393,0.004093,0.009114,0.057665999999999995,0.130242,0.069174,0.004229999999999999,0.008645,0.00801,0.015144,0.008418,3
0.258424,0.195401,0.24343099999999998,0.29852199999999995,0.242588,0.309481,0.027632,0.187281,0.40405399999999997,0.21709,0.059175,0.029886000000000003,0.016281,0.062478,0.035472000000000004,0.012837999999999999,0.071904,0.149302,0.075557,0.015215000000000001,2
0.18495799999999998,0.289957,0.352687,0.006915,0.313254,0.021038,0.008345,0.06562899999999999,0.01091,0.005712,0.0041340000000000005,0.010367,0.047795,0.18959,0.064354,0.004516,0.019047,0.006631000000000001,0.034273000000000005,0.007855,3
0.136068,0.283887,0.193662,0.319394,0.271656,0.031775,0.001732,0.004352,0.08302899999999999,0.091575,0.032865,0.010508,0.01175,0.004399,0.013788,0.0039310000000000005,0.001819,0.063713,0.12219100000000001,0.010936,0
0.28096,0.212952,0.260127,0.320861,0.272816,0.083188,0.002424,0.004671,0.10370399999999999,0.184775,0.08619,0.011101999999999999,0.008478,0.0039380000000000005,0.014721000000000001,0.003486,0.0019379999999999998,0.032908,0.082498,0.006884,2
0.219446,0.164381,0.200027,0.249243,0.184586,0.046274,0.127985,0.057437,0.028827999999999996,0.020213,0.019832,0.023185,0.01445,0.009156999999999998,0.014339,0.032378,0.017854,0.016401,0.011791,0.010986,2
0.039327999999999995,0.176101,0.17689000000000002,0.044738,0.10455199999999999,0.032464,0.030298000000000002,0.023107,0.016765000000000002,0.020507,0.022925,0.04099,0.032428,0.048484,0.041035,0.014875999999999999,0.015972,0.010254000000000001,0.015434,0.015781,3
0.20983000000000002,0.320739,0.39074699999999996,0.005744,0.43297399999999997,0.015969,0.05625,0.00515,0.055354999999999994,0.0247,0.01793,0.004633,0.0049689999999999995,0.019505,0.114596,0.018269999999999998,0.005721,0.015831,0.007731999999999999,0.033875999999999996,3
0.171654,0.07325,0.039652999999999994,0.092614,0.0025510000000000003,0.261702,0.20143,0.165979,0.16128599999999998,0.170457,0.150083,0.135399,0.133476,0.148891,0.141716,0.108851,0.09327300000000001,0.106603,0.10828800000000001,0.124482,3
0.17307899999999998,0.27721599999999996,0.336387,0.412499,0.362214,0.008068,0.012226,0.066354,0.029881,0.004016,0.011156999999999999,0.057799,0.197449,0.082666,0.02434,0.031874,0.003778,0.036729000000000005,0.008695999999999999,0.008123,3
0.32857600000000003,0.248098,0.30413,0.000572,0.38702800000000004,0.006945000000000001,0.040055,0.010686,0.00379,0.011922,0.08569,0.138627,0.059775,0.019255,0.007223,0.014976,0.013065,0.0059960000000000005,0.007365999999999999,0.011597,5
0.126252,0.205065,0.24873699999999999,0.308776,0.259909,0.033535,0.008925,0.015637,0.076737,0.03411,0.012691,0.01061,0.006398,0.006377000000000001,0.017779,0.003858,0.00632,0.051105000000000005,0.046068,0.009826,2
0.21054299999999998,0.33273800000000003,0.408017,0.001289,0.460837,0.007936,0.057924,0.008042,0.006475,0.049201,0.013217,0.0044020000000000005,0.003295,0.006288,0.023459,0.023361,0.009444,0.004899000000000001,0.016366,0.008178,3
0.121831,0.19238,0.236301,0.287891,0.238379,0.074615,0.019545,0.126931,0.093218,0.031327999999999995,0.015649,0.018040999999999998,0.011999,0.036792,0.012896000000000001,0.018034,0.086151,0.043199,0.010706,0.016755000000000003,0
0.169924,0.262083,0.32072399999999995,0.001385,0.412612,0.008451,0.064542,0.014402000000000002,0.005227000000000001,0.006229,0.016625,0.150111,0.062605,0.034107,0.009835,0.004637,0.013108000000000002,0.0064719999999999995,0.008086,0.00734,1
0.365713,0.27850199999999997,0.340685,0.002148,0.37031,0.009089,0.0054859999999999996,0.024201,0.011937999999999999,0.002588,0.004601,0.017396000000000002,0.08605499999999999,0.07439,0.029189,0.009777,0.004587,0.015649,0.0072180000000000005,0.01114,5
0.1109,0.175513,0.215013,0.265276,0.21254299999999998,0.036488,0.11306600000000001,0.069324,0.03067,0.014956,0.016477000000000002,0.024394,0.012967,0.011312000000000001,0.009674,0.079139,0.038435000000000004,0.012249,0.012695,0.008886,4
0.314073,0.019242,0.215651,0.28680100000000003,0.2187,0.058945000000000004,0.036691,0.01939,0.02164,0.059597000000000004,0.120182,0.09967899999999999,0.039577999999999995,0.036702,0.032684,0.019927,0.012759999999999999,0.011812000000000001,0.018872,0.085358,5
0.351937,0.26626500000000003,0.583993,0.006666,0.499283,0.006959999999999999,0.02264,0.004718,0.004423,0.0045509999999999995,0.011798999999999999,0.078704,0.080192,0.056237999999999996,0.010998,0.003839,0.004012,0.005436,0.006612000000000001,0.009658,5
0.181124,0.277803,0.336833,0.006881,0.524447,0.019569,0.012957,0.035724,0.012064,0.004072,0.005901,0.026911,0.092172,0.051959000000000005,0.019618,0.011469,0.003517,0.014968,0.0073290000000000004,0.006886,1
0.119478,0.24802800000000003,0.16733599999999998,0.280746,0.27753,0.023296,0.009263,0.06715700000000001,0.021522,0.006940999999999999,0.007843000000000001,0.003203,0.007067,0.0034439999999999996,0.005799,0.0361,0.059852999999999996,0.005056000000000001,0.004516,0.008288,0
0.1448,0.296698,0.204771,0.011814,0.333511,0.012975,0.010218999999999999,0.003326,0.012102,0.099994,0.03324,0.012978,0.006271,0.015703,0.00463,0.004768,0.0040869999999999995,0.009715999999999999,0.059909000000000004,0.091779,0
0.365796,0.278097,0.336387,0.007188,0.36351100000000003,0.0063219999999999995,0.006845,0.031070999999999998,0.01432,0.0026899999999999997,0.004588,0.020847,0.109474,0.107856,0.036877,0.009720999999999999,0.003843,0.017248,0.0076430000000000005,0.006082,3
0.378259,0.126546,0.232474,0.287014,0.22874499999999998,0.064014,0.008687,0.06277100000000001,0.056201,0.026918,0.007908,0.010796,0.007914000000000001,0.015381,0.007034,0.005968,0.028244,0.007804000000000001,0.006104999999999999,0.00958,4
0.47147799999999995,0.175569,0.050392,0.265414,0.21574200000000002,0.016733,0.132259,0.057325,0.011751000000000001,0.012963999999999998,0.018979,0.022783,0.011581999999999999,0.017158,0.006855,0.125503,0.05113,0.0067090000000000006,0.016094999999999998,0.009294,4
0.114446,0.183667,0.282473,0.221451,0.22956100000000002,0.044193,0.025822,0.133197,0.038638,0.017498,0.014931,0.0035340000000000002,0.036797,0.007729000000000001,0.01956,0.085336,0.09838200000000001,0.006307,0.010829,0.029425,2
0.291635,0.21966599999999997,0.007261,0.265891,0.276735,0.025983999999999997,0.008015000000000001,0.003664,0.014516999999999999,0.08301499999999999,0.036524,0.015132,0.0052840000000000005,0.009809,0.004335,0.004488000000000001,0.003854,0.006386,0.039291,0.03394,2
0.38885,0.39410700000000004,0.26556,0.006701,0.392495,0.006431,0.0055850000000000006,0.017135,0.005862,0.003713,0.003325,0.005266,0.017342,0.105076,0.06769299999999999,0.004315,0.004732,0.0037799999999999995,0.010006999999999999,0.005233,3
0.21779400000000002,0.164003,0.203458,0.249732,0.198773,0.076129,0.226586,0.08770599999999999,0.043394999999999996,0.029209,0.027582,0.030376999999999998,0.014235,0.007425,0.015992,0.034710000000000005,0.011448999999999999,0.018565,0.008232999999999999,0.00974,2
0.136345,0.28309,0.193879,0.318818,0.270188,0.019077,0.0031739999999999997,0.004489,0.051433000000000006,0.06072999999999999,0.02071,0.010674,0.011502,0.004932,0.012853999999999999,0.005795000000000001,0.004605,0.049214,0.087158,0.015143,0
0.377784,0.006255,0.26459099999999997,0.35106,0.390427,0.038931,0.019239,0.050783,0.014738,0.008232,0.007744,0.023515,0.08515199999999999,0.186522,0.113925,0.011414,0.017938,0.011192,0.032780000000000004,0.013338,3
0.14558800000000002,0.218756,0.269489,0.330338,0.270906,0.019057,0.008888,0.00607,0.027575,0.12239000000000001,0.044718,0.027124000000000002,0.010286,0.019829,0.007037000000000001,0.009867,0.00573,0.019385,0.10480199999999999,0.043831,0
0.351042,0.265496,0.011807999999999999,0.31921900000000003,0.7137359999999999,0.009318,0.01989,0.0076489999999999995,0.003104,0.005492,0.014463,0.063335,0.053922000000000005,0.028539,0.00818,0.003875,0.007234,0.004686999999999999,0.005595,0.006576,5
0.42403100000000005,0.013111000000000001,0.291618,0.17535599999999998,0.30438699999999996,0.026805000000000002,0.058088,0.018201,0.032039,0.015405,0.010314,0.0076170000000000005,0.016465999999999998,0.044278,0.109426,0.02717,0.019162000000000002,0.013090000000000001,0.010166,0.02582,3
0.172193,0.116173,0.066548,0.038560000000000004,0.014124000000000001,0.116888,0.066997,0.078944,0.068138,0.079136,0.067303,0.04568,0.067253,0.06397699999999999,0.064552,0.054110000000000005,0.042192,0.049341,0.037154,0.055229999999999994,3
0.25350900000000004,0.007459,0.171405,0.017055,0.143833,0.164125,0.11015499999999999,0.153817,0.123177,0.071648,0.055897,0.051553999999999996,0.035275,0.032283,0.022147999999999998,0.039488999999999996,0.075671,0.039143,0.041245,0.014518999999999999,0
0.172805,0.272782,0.33114499999999997,0.001428,0.363406,0.022279,0.052814,0.056976,0.032060000000000005,0.0057350000000000005,0.021308,0.148973,0.282004,0.12762300000000001,0.048529,0.033246,0.005332,0.03893,0.007451999999999999,0.008185,5
0.10993,0.169639,0.210358,0.26009899999999997,0.209287,0.032115,0.102808,0.047442000000000005,0.021439,0.017699,0.013572999999999998,0.026922,0.011676,0.011152,0.008684,0.051891,0.026087,0.010587000000000001,0.015912,0.008729,2
0.147293,0.22965100000000002,0.280317,0.006964,0.29138400000000003,0.025717,0.0402,0.005139,0.013062,0.135731,0.078191,0.033155000000000004,0.008437,0.013008,0.0124,0.0071,0.013144,0.006640000000000001,0.032249,0.157226,1
0.302616,0.229735,0.280343,0.341859,0.295099,0.020383000000000002,0.028589,0.004979,0.017659,0.137936,0.143871,0.083276,0.014594,0.009322,0.007704000000000001,0.004045,0.007812999999999999,0.005075,0.01174,0.08558099999999999,2
0.171414,0.012428,0.33018800000000004,0.24296199999999998,0.41709799999999997,0.043377,0.04489,0.040513,0.009604000000000001,0.007234999999999999,0.015191,0.09163099999999999,0.137579,0.047833,0.016962,0.012684,0.008073,0.009762999999999999,0.008695,0.012205,5
0.18149,0.278433,0.34175700000000003,0.006534000000000001,0.437601,0.012705,0.013165000000000001,0.052802999999999996,0.019101,0.005945000000000001,0.00695,0.021328,0.11431300000000001,0.05728300000000001,0.020513999999999998,0.013265,0.005242,0.022698,0.008365000000000001,0.011298,5
0.258407,0.19884100000000002,0.242984,0.002668,0.24850100000000003,0.255089,0.025383000000000003,0.153065,0.31914000000000003,0.18401800000000001,0.053982,0.029271,0.010637,0.059126,0.026604000000000003,0.013036,0.062221000000000005,0.12022999999999999,0.058825999999999996,0.015496000000000001,0
0.374012,0.279258,0.0077540000000000005,0.335829,0.49907299999999993,0.0058909999999999995,0.004475,0.01995,0.0055899999999999995,0.002649,0.003415,0.010504000000000001,0.052555,0.071935,0.027389,0.003853,0.003074,0.0064150000000000006,0.006228,0.006979000000000001,5
0.12220299999999999,0.249469,0.17691500000000002,0.001565,0.271499,0.07413600000000001,0.068731,0.228638,0.163649,0.04772,0.035272000000000005,0.037909,0.023133,0.041142000000000005,0.025025,0.100582,0.22847399999999998,0.145366,0.084534,0.028363,0
0.168189,0.344192,0.006488,0.22798200000000002,0.331513,0.01926,0.075329,0.011045000000000001,0.004089,0.007745999999999999,0.039305,0.13993699999999998,0.054276,0.020993,0.009835,0.005777,0.012875,0.0065379999999999995,0.006462000000000001,0.011942,5
0.221743,0.169653,0.20583,0.255686,0.204797,0.027232,0.101687,0.044342,0.017361,0.008705,0.0038079999999999998,0.015044,0.004808,0.004452,0.004301,0.029332999999999998,0.0083,0.005484,0.008193,0.005138,4
0.120724,0.24793,0.166903,0.017075,0.21508000000000002,0.06385199999999999,0.050457999999999996,0.150854,0.053564,0.022905000000000002,0.025251,0.015569,0.022044,0.018757,0.012005,0.108502,0.136293,0.022949,0.010647,0.015,0
0.17102799999999999,0.265006,0.006638,0.318479,0.34476100000000004,0.015087,0.073803,0.009495,0.0026309999999999997,0.002459,0.005741,0.11907100000000001,0.060786,0.020836,0.0043549999999999995,0.002464,0.007586,0.0033539999999999998,0.009276999999999999,0.00547,5
0.12408599999999999,0.265804,0.178446,0.298158,0.250201,0.056511,0.007712999999999999,0.06572599999999999,0.11643599999999998,0.033323,0.01321,0.020136,0.003221,0.023801,0.0076040000000000005,0.0065969999999999996,0.053384,0.085255,0.018909,0.006601999999999999,2
0.34170900000000004,0.0029980000000000002,0.23226999999999998,0.309792,0.339013,0.020419999999999997,0.064226,0.016721,0.005287,0.010142,0.043927999999999995,0.202536,0.139752,0.080355,0.021276,0.005493,0.016037,0.006886,0.009994,0.007684000000000001,5
0.256021,0.321788,0.232844,0.005873,0.231167,0.177552,0.050544,0.172975,0.19914300000000001,0.09855499999999999,0.060079999999999995,0.032235,0.013956,0.027917,0.02244,0.022319,0.118219,0.079553,0.029370999999999998,0.024307,2
0.340564,0.256,0.31399,0.385472,0.342588,0.0039310000000000005,0.049114,0.013706999999999999,0.003011,0.00477,0.021246,0.133164,0.058517999999999994,0.018872999999999997,0.005947,0.0032310000000000004,0.018977,0.00442,0.004079999999999999,0.0066040000000000005,3
0.24120500000000003,0.181569,0.221046,0.002327,0.22049499999999997,0.065776,0.049269,0.099163,0.05379,0.014669,0.009785,0.007098999999999999,0.011040000000000001,0.007107,0.006332,0.038665,0.037069,0.004966,0.005567,0.007817000000000001,4
0.172286,0.116225,0.023535,0.06553300000000001,0.014071,0.154,0.095105,0.108668,0.091015,0.10319300000000001,0.08541,0.065374,0.08981900000000001,0.08785599999999999,0.083459,0.07423099999999999,0.060487,0.06186900000000001,0.051092,0.07821399999999999,3
0.183728,0.376639,0.258405,0.426928,0.38142,0.003853,0.008478,0.079325,0.011581000000000001,0.002809,0.004455,0.01142,0.10066900000000001,0.067159,0.020569999999999998,0.006365999999999999,0.006818,0.016388999999999997,0.010838,0.010251999999999999,5
0.219504,0.165654,0.204274,0.254044,0.20167100000000002,0.06023099999999999,0.22586199999999998,0.09375599999999999,0.035207,0.020102000000000002,0.012048999999999999,0.030654,0.01034,0.007603,0.01288,0.041948,0.010744,0.011233,0.009340000000000001,0.006556,4
0.027447000000000003,0.175793,0.24316300000000002,0.032447000000000004,0.278606,0.057129,0.03146,0.01525,0.013437000000000001,0.016556,0.025047999999999997,0.094123,0.10287,0.090848,0.031388,0.009738,0.009472,0.010288,0.010374,0.009623999999999999,5
0.244639,0.187359,0.230969,0.282789,0.233634,0.075804,0.026881,0.118336,0.06749400000000001,0.027110000000000002,0.010564,0.007774,0.017397,0.013374,0.010688,0.035498,0.073199,0.010909,0.008121,0.017637,4
0.352188,0.266964,0.006554000000000001,0.016662,0.281371,0.044202,0.049551,0.030791000000000002,0.023351,0.016211,0.048362999999999996,0.139599,0.119951,0.08010199999999999,0.056353,0.019513,0.019030000000000002,0.018872999999999997,0.012339,0.01518,1
0.327766,0.018638,0.308224,0.028237,0.250362,0.012831,0.018636,0.007842,0.006314999999999999,0.017827000000000003,0.045945,0.06389299999999999,0.031422000000000005,0.020227000000000002,0.011984,0.008053,0.00632,0.006977,0.007547,0.017991999999999998,1
0.170648,0.265496,0.32460100000000003,0.40013899999999997,0.348196,0.007992,0.113429,0.017496,0.006967,0.008124,0.018376,0.25419,0.168845,0.073536,0.010748,0.004485,0.013299,0.00813,0.014121000000000002,0.0077209999999999996,1
0.507889,0.060002,0.172795,0.2865,0.23740100000000003,0.076187,0.024972,0.315231,0.121878,0.023296,0.01961,0.044947,0.016758000000000002,0.033497000000000006,0.020015,0.051424,0.324974,0.075054,0.016936,0.033315,2
0.147617,0.31422100000000003,0.211799,0.422779,0.305228,0.019972999999999998,0.04933,0.00343,0.013276,0.17156400000000002,0.26934600000000003,0.07711599999999999,0.014528999999999999,0.011843000000000001,0.05795499999999999,0.013065,0.01175,0.004516,0.017849,0.49627899999999997,2
0.398965,0.019336000000000002,0.0074670000000000005,0.270855,0.333406,0.031287999999999996,0.009192,0.006927,0.013928999999999999,0.008865999999999999,0.0037049999999999995,0.005659,0.008434,0.06346399999999999,0.061771000000000006,0.0041270000000000005,0.0040420000000000005,0.004197,0.006495,0.005881,3
0.6507350000000001,0.10426400000000001,0.396933,0.590009,0.49602399999999996,0.003785,0.023469,0.002384,0.037308999999999995,0.03921,0.019903,0.0027600000000000003,0.002473,0.006869,0.067677,0.006267,0.003118,0.006228,0.014696,0.020469,1
0.362108,0.007484,0.248482,0.326289,0.359446,0.043282,0.023932,0.023747,0.01725,0.004762,0.011118000000000001,0.059564,0.112981,0.070951,0.024838,0.016725,0.0049960000000000004,0.020525,0.00829,0.010589,5
0.11111199999999999,0.176296,0.21648,0.266367,0.20520700000000003,0.022331,0.06463200000000001,0.054952,0.015312000000000001,0.012601000000000001,0.014747,0.015335,0.014884,0.009724,0.008258,0.07579,0.045479,0.0081,0.008505,0.008526,2
0.11415499999999999,0.182003,0.225102,0.276383,0.323102,0.090004,0.088245,0.198846,0.076961,0.036657999999999996,0.029623000000000003,0.009036,0.036937,0.010394,0.010316,0.159641,0.144218,0.009406,0.006475,0.013044,2
0.125693,0.19983399999999998,0.24704,0.303336,0.254154,0.12007000000000001,0.008523000000000001,0.068995,0.24625300000000003,0.099411,0.029233999999999996,0.01171,0.007286,0.04508,0.033108,0.005601,0.029595999999999997,0.14455199999999999,0.055686,0.008761,0
0.24164699999999997,0.181597,0.216442,0.266029,0.21698299999999998,0.189585,0.287016,0.297957,0.13924,0.06883500000000001,0.06236900000000001,0.063907,0.086505,0.038431,0.033496,0.179944,0.13331700000000002,0.034904000000000004,0.026768,0.028189999999999996,2
0.24241500000000002,0.183107,0.22599499999999997,0.331805,0.2268,0.055998,0.02696,0.096375,0.046086,0.017092,0.007339,0.00583,0.016842,0.006293,0.005612,0.042903,0.05802,0.005183,0.005652,0.007308,4
0.20554699999999998,0.314921,0.385441,0.012389,0.419411,0.010052,0.020906,0.004647999999999999,0.037014,0.006836,0.006022,0.0033659999999999996,0.004963,0.018829,0.096614,0.007114,0.004816,0.014391,0.004588,0.021815,3
0.172951,0.266922,0.001559,0.325311,0.354644,0.010269,0.033138,0.016916,0.009087999999999999,0.003312,0.00864,0.062898,0.075045,0.0431,0.018427000000000002,0.008376,0.00687,0.012195999999999999,0.008534,0.006806,5
0.339138,0.24909099999999998,0.023452,0.012763,0.326046,0.029869999999999997,0.068004,0.024302,0.009791,0.01957,0.070013,0.21509699999999998,0.116092,0.043292000000000004,0.032382999999999995,0.014659,0.022719,0.015865999999999998,0.011935,0.020399,1
0.170763,0.35533899999999996,0.242691,0.006842,0.410404,0.012078,0.045089,0.007608,0.003805,0.003629,0.006670999999999999,0.070124,0.039421,0.012881,0.0056359999999999995,0.0034479999999999997,0.004944,0.004397,0.005991,0.007444,5
0.207902,0.019181,0.203674,0.271469,0.23087600000000003,0.040773000000000004,0.043501,0.017922999999999998,0.032769,0.031805,0.014163999999999998,0.011092,0.009579,0.044212,0.06300700000000001,0.026881,0.0158,0.007429000000000001,0.013468,0.011798000000000001,3
0.258069,0.19528900000000002,0.24418299999999998,0.304314,0.239627,0.142182,0.026423000000000002,0.115254,0.216953,0.111756,0.053295,0.034529000000000004,0.014993000000000001,0.040333,0.026851999999999997,0.014865999999999999,0.062796,0.11962,0.048911,0.020314,2
0.362136,0.007278,0.24225700000000003,0.405868,0.353733,0.039431,0.03335,0.026986000000000003,0.010459,0.00845,0.013837,0.078747,0.097612,0.073209,0.044367000000000004,0.007714,0.009085,0.011181,0.009785,0.014348,5
0.377002,0.0077480000000000005,0.24346900000000002,0.25474600000000003,0.277656,0.076566,0.096344,0.128437,0.048091,0.046303,0.105271,0.273044,0.28554,0.308284,0.12892,0.032422,0.042891000000000006,0.038199000000000004,0.04845,0.031072000000000002,1
0.10940699999999999,0.17115,0.210409,0.26063800000000004,0.25387,0.024918,0.106215,0.043785000000000004,0.015584,0.010116,0.005036,0.018152,0.006779,0.00834,0.0054,0.052042,0.020343,0.004029,0.013343,0.005429,4
0.171875,0.073284,0.10584600000000001,0.038922000000000005,0.002607,0.186599,0.13726,0.12351600000000001,0.113469,0.12193299999999999,0.103719,0.094037,0.10173,0.108296,0.100357,0.081023,0.070737,0.075945,0.075259,0.091476,3
0.409137,0.307285,0.007798,0.36741999999999997,0.292611,0.017461,0.023322,0.010221,0.038495,0.01486,0.006113,0.007453,0.011801,0.049986,0.092015,0.012706,0.010844,0.006064,0.007006999999999999,0.013057,3
0.171978,0.368625,0.022905000000000002,0.002381,0.296361,0.022908,0.030524000000000003,0.025387,0.012486,0.00966,0.015309,0.054019000000000005,0.09038600000000001,0.042923,0.020193,0.018289,0.006425,0.010809000000000001,0.009836,0.010409,5
0.171981,0.072893,0.039297000000000006,0.092298,0.002807,0.13283699999999998,0.080862,0.084688,0.07924099999999999,0.088758,0.07825599999999999,0.05538200000000001,0.071379,0.073008,0.074119,0.056446,0.045744,0.056839999999999995,0.046191,0.065063,3
0.13589500000000002,0.21177800000000002,0.001593,0.254445,0.21368499999999999,0.060798000000000005,0.015636,0.025363,0.11900000000000001,0.08548,0.044774,0.036558,0.019899,0.014341,0.035664,0.011753,0.011036,0.08129299999999999,0.112251,0.032417,0
0.31656,0.237889,0.292625,0.358143,0.31195700000000004,0.009885,0.031058,0.006575,0.00474,0.025159,0.16555699999999998,0.110491,0.033554,0.018498,0.017106,0.028731,0.007631000000000001,0.006425,0.005158,0.097727,5
0.110223,0.174842,0.214133,0.264587,0.21195,0.027792,0.131934,0.064786,0.019434,0.010355,0.009134,0.026101999999999997,0.009701999999999999,0.011029,0.004850999999999999,0.087201,0.037752999999999995,0.0045320000000000004,0.012709999999999999,0.008855,2
0.089313,0.145976,0.172515,0.217025,0.151606,0.101466,0.106054,0.06631799999999999,0.025038,0.044814,0.029813,0.019372999999999998,0.046464,0.158882,0.14291099999999998,0.022900999999999998,0.020228,0.017936,0.050483,0.052979,0
0.120895,0.255412,0.17208099999999998,0.011477,0.276002,0.049779000000000004,0.017773,0.097467,0.056616999999999994,0.019098,0.010102,0.015957,0.008797,0.012938999999999999,0.006706,0.020418000000000002,0.07937899999999999,0.025152,0.006220000000000001,0.008311,0
0.375297,0.284642,0.429904,0.007318000000000001,0.372799,0.013345,0.025932,0.046391,0.020444999999999998,0.01024,0.016475,0.050210000000000005,0.14445,0.222727,0.11733299999999999,0.008851000000000001,0.009322,0.021059,0.028574000000000002,0.016797,1
0.014244,0.21846300000000002,0.30825,0.26007399999999997,0.295064,0.07191499999999999,0.071556,0.019813,0.014263,0.020286000000000002,0.01145,0.015287,0.019303,0.037979,0.043731,0.044011,0.022415,0.008994,0.01438,0.01005,3
0.172459,0.019176,0.16631600000000002,0.24986999999999998,0.159106,0.08816,0.055191,0.045665,0.040372000000000005,0.030713999999999998,0.035151999999999996,0.068466,0.093894,0.084757,0.08289099999999999,0.037299,0.023778999999999998,0.018829,0.021894999999999998,0.020471,1
0.328073,0.24808400000000003,0.0076159999999999995,0.027926999999999997,0.25411500000000004,0.076691,0.064613,0.038967,0.01788,0.062216999999999995,0.200455,0.266911,0.174309,0.1203,0.047463,0.038028,0.035588999999999996,0.015302000000000001,0.012685,0.049522000000000004,5
0.197449,0.40621799999999997,0.27671999999999997,0.006338,0.40977299999999994,0.011814,0.021978,0.012662999999999999,0.089749,0.017385,0.0029530000000000003,0.0035810000000000004,0.008072,0.10288599999999999,0.166511,0.007437999999999999,0.006053,0.00536,0.005033,0.012816,3
0.348723,0.114675,0.213725,0.26161599999999996,0.210867,0.049437,0.138759,0.09141,0.038907,0.00748,0.0058969999999999995,0.042318,0.009807999999999999,0.009979,0.002624,0.029664,0.01038,0.002568,0.015059999999999999,0.004752,0
0.267106,0.20064500000000002,0.247831,0.303712,0.254371,0.183185,0.009637999999999999,0.06969600000000001,0.290989,0.155395,0.042875,0.015068000000000002,0.010621,0.031919,0.030456,0.0047740000000000005,0.020013,0.136659,0.083577,0.017146,2
0.374291,0.27984499999999995,0.343109,0.012114,0.438337,0.01264,0.004222,0.033291,0.014506,0.002527,0.005012,0.015267,0.11451300000000002,0.154551,0.059352999999999996,0.0077870000000000005,0.006585,0.019609,0.010481,0.006470999999999999,3
0.363254,0.272992,0.335673,0.007333,0.360041,0.005887,0.00633,0.014371,0.0066170000000000005,0.003114,0.0051909999999999994,0.026531,0.088212,0.076041,0.020623,0.0067079999999999996,0.002483,0.007704000000000001,0.004562,0.005447,3
0.373118,0.008751,0.25974400000000003,0.34063000000000004,0.305684,0.035706,0.021631,0.08433,0.017678,0.006804000000000001,0.011798000000000001,0.044311,0.19473,0.227744,0.117763,0.010404,0.013954,0.019392,0.025179,0.009455,1
0.135121,0.213106,0.259706,0.385723,0.273121,0.054163,0.005672,0.013736000000000002,0.13838599999999998,0.140515,0.041484,0.016036,0.01407,0.01006,0.026675,0.007824,0.005850999999999999,0.10536,0.218054,0.026494999999999998,2
0.174798,0.008183,0.249489,0.33058899999999997,0.500159,0.025069,0.015202,0.018935,0.013066,0.004053,0.0054,0.024596,0.072478,0.045377999999999995,0.013831999999999999,0.009892,0.004343,0.014622999999999999,0.008085,0.008782,5
0.172001,0.072991,0.105938,0.038644,0.002786,0.123404,0.077614,0.080355,0.07342,0.082161,0.071143,0.052933,0.06808099999999999,0.068138,0.067744,0.053914,0.043651,0.05215499999999999,0.042482,0.058129999999999994,3
0.13613,0.219204,0.265407,0.011525,0.213619,0.07043300000000001,0.040597,0.023313999999999998,0.088108,0.272134,0.072988,0.049042,0.035231,0.047408,0.023702,0.016159,0.015394999999999999,0.050954,0.21800999999999998,0.143375,0
0.24500300000000003,0.24843400000000002,0.17141800000000001,0.277888,0.22714,0.24050500000000002,0.077773,0.33074899999999996,0.21779600000000002,0.09012,0.035669,0.012204000000000001,0.043587,0.034154000000000004,0.026044,0.098501,0.162051,0.021169999999999998,0.012231,0.038207,2
0.205605,0.428203,0.29188600000000003,0.0062759999999999995,0.433325,0.008229,0.012714,0.002304,0.036685,0.004966,0.005901,0.003008,0.002943,0.006956,0.074663,0.004293,0.002843,0.01006,0.004047,0.017512,3
0.12279200000000001,0.19398800000000002,0.237092,0.29249200000000003,0.24346500000000001,0.079972,0.029352999999999997,0.180955,0.13538699999999998,0.047647,0.023931,0.039104,0.012381999999999999,0.043086,0.016644,0.022011000000000003,0.15585,0.07961900000000001,0.028752,0.011226,0
0.135864,0.21292399999999997,0.26007600000000003,0.320849,0.26508899999999996,0.155838,0.021308,0.029131,0.29179299999999997,0.41118299999999997,0.13807,0.038834,0.030887,0.021491,0.054582000000000006,0.017005000000000003,0.010627,0.172092,0.443229,0.046214,0
0.197278,0.30355,0.375187,0.005952000000000001,0.41093,0.016362,0.021343,0.008333,0.049016000000000004,0.027649,0.004186,0.0059700000000000005,0.010733,0.059187000000000003,0.10630099999999999,0.009844,0.011745,0.007634,0.010371,0.020964,3
0.101362,0.217484,0.148829,0.244592,0.23594400000000001,0.050988,0.245984,0.056554999999999994,0.027906,0.020562,0.027429000000000002,0.016637,0.011923999999999999,0.007234,0.058173,0.032347,0.013375,0.012679000000000001,0.010504000000000001,0.010901000000000001,4
0.318153,0.20650500000000002,0.07309600000000001,0.012065000000000001,0.11629,0.023459999999999998,0.045206,0.010535,0.022973,0.015146000000000001,0.039947,0.020619,0.014681999999999999,0.037078,0.09813999999999999,0.019206,0.010163,0.006268,0.007349,0.030897000000000004,3
0.16167,0.248518,0.006203,0.29839699999999997,0.45628100000000005,0.018463999999999998,0.052633000000000006,0.011252,0.0051990000000000005,0.011693,0.047622000000000005,0.08759700000000001,0.031281,0.016915,0.006962,0.012651,0.014022999999999999,0.0066370000000000005,0.009341,0.014665000000000001,1
0.12726300000000001,0.27106199999999997,0.183828,0.367683,0.257452,0.045307,0.0036439999999999997,0.012129000000000001,0.097461,0.041537,0.011704,0.006188,0.005529999999999999,0.00626,0.009212999999999999,0.002875,0.004573,0.068602,0.044496,0.006318,2
0.015544,0.097393,0.138396,0.147175,0.08179299999999999,0.182982,0.103895,0.08843999999999999,0.10891700000000001,0.093903,0.05954400000000001,0.05285599999999999,0.031925999999999996,0.03467,0.053570000000000007,0.028935000000000002,0.030579000000000002,0.028251,0.031776,0.059065999999999994,4
0.184846,0.140745,0.172846,0.213152,0.16007000000000002,0.113935,0.076123,0.019712,0.014536000000000002,0.020906,0.011184,0.005104,0.043469,0.124827,0.065355,0.0107,0.0065969999999999996,0.017644,0.051007,0.009495,4
0.12186199999999998,0.25572,0.17328,0.287829,0.238562,0.069229,0.007936,0.21482199999999999,0.10226,0.02593,0.009636,0.041496,0.005698,0.021681,0.006836,0.023791999999999997,0.222356,0.051895000000000004,0.008061,0.010439,2
