Att1,Att2,Att3,Att4,Att7,Att9,Att16,Att17,Att18,Att19,Att20,Att21,Att22,Att23,Att24,Att26,Att27,Att28,Att29,Att30,label
0.41463900000000004,0.520015,0.012751,0.368318,0.331367,0.031807999999999996,0.02605,0.033928,0.009666,0.005143,0.012416,0.009426,0.016455,0.00349,0.004748,0.009106,0.023019,0.094217,0.044755,0.028505000000000003,1
0.475893,0.142729,0.21548,0.28726399999999996,0.375073,0.057185,0.009455,0.018678,0.11233499999999999,0.178835,0.052141999999999994,0.029060000000000002,0.021735,0.019129,0.008388,0.01915,0.012313,0.010489,0.006943,0.0315,0
0.565246,0.16638599999999998,0.24852800000000003,0.007333,0.44332200000000005,0.039323000000000004,0.022127,0.011359000000000001,0.004196,0.007558,0.020844,0.07869,0.027779,0.0077989999999999995,0.006318,0.0055439999999999994,0.003571,0.019975,0.015833,0.004319,0
0.734614,0.22439800000000001,0.324266,0.017671,0.496183,0.02698,0.045778,0.009105,0.027493,0.031404,0.015256,0.0064150000000000006,0.0077670000000000005,0.009196,0.034413,0.088161,0.042038,0.021647,0.010166,0.011636,1
0.185884,0.214022,0.028376,0.110881,0.152841,0.134458,0.137978,0.075678,0.035907,0.01366,0.014551,0.017222,0.023428,0.01213,0.021335,0.023319,0.032827999999999996,0.029983,0.011612,0.008744,4
0.741585,0.22620900000000002,0.007353,0.329359,0.5144569999999999,0.020606,0.040546,0.0057090000000000005,0.009536,0.038436,0.00548,0.005425,0.005219,0.004640999999999999,0.012537000000000001,0.087545,0.040994,0.024939,0.007926,0.004454,1
0.19281600000000002,0.24845,0.17716500000000002,0.242275,0.245554,0.21142399999999997,0.217802,0.184145,0.13079200000000002,0.073539,0.045509,0.034845,0.067344,0.023325,0.024784999999999998,0.038867,0.093524,0.17838900000000002,0.088396,0.062462000000000004,4
0.508732,0.14574700000000002,0.30346300000000004,0.22126500000000002,0.40125500000000003,0.054476,0.01193,0.005573,0.029970999999999998,0.241731,0.140073,0.040914,0.021091,0.007851,0.063108,0.028502,0.010679000000000001,0.00748,0.005554,0.007762000000000001,2
0.39671999999999996,0.11848,0.176298,0.236283,0.257868,0.137007,0.220586,0.144263,0.049254,0.017294,0.022101,0.008218000000000001,0.044824,0.00551,0.008823000000000001,0.013977000000000002,0.121931,0.210668,0.06879299999999999,0.009713,4
0.284366,0.024663,0.1714,0.258376,0.37596399999999996,0.148653,0.06991699999999999,0.035102,0.02775,0.041842000000000004,0.066059,0.12521300000000002,0.13572,0.051119,0.049476,0.030095,0.026295999999999996,0.032931,0.032045,0.023478,0
0.24969,0.32165900000000003,0.23053099999999999,0.308477,0.343549,0.10315899999999999,0.0337,0.0016920000000000001,0.006706999999999999,0.082401,0.174735,0.092949,0.028079000000000003,0.008749,0.013961000000000001,0.010449,0.033863,0.006116,0.008494,0.005718,2
0.49137,0.152118,0.589884,0.292516,0.589758,0.01026,0.004398,0.0030559999999999997,0.010165,0.054778,0.018401,0.009053,0.009875,0.005365999999999999,0.004656,0.007988,0.004862,0.009573,0.005103,0.00852,0
0.736675,0.223973,0.324942,0.434406,0.5130319999999999,0.0038420000000000004,0.026269999999999998,0.002695,0.005605,0.024135,0.005933,0.002867,0.004609,0.0036560000000000004,0.009059000000000001,0.068659,0.025796,0.00825,0.003176,0.005501,3
0.018944,0.355217,0.018099,0.083134,0.216185,0.049368,0.041144,0.012209000000000001,0.006404000000000001,0.006028,0.012897,0.063164,0.053015999999999994,0.016093,0.006912000000000001,0.0049700000000000005,0.007301,0.009169,0.011115,0.00999,5
0.379406,0.48275200000000007,0.006302,0.341891,0.422484,0.015591999999999998,0.12544,0.010647,0.003848,0.024194,0.006745999999999999,0.011419,0.006405,0.0038880000000000004,0.004645000000000001,0.085809,0.127512,0.08378300000000001,0.015799,0.007821,1
0.244473,0.308584,0.22034,0.297067,0.451658,0.047485,0.007773,0.005275,0.019592,0.118344,0.08863,0.04131,0.017205,0.006983,0.007853,0.025197999999999998,0.006912000000000001,0.012078,0.005907,0.008669,0
0.208302,0.014706,0.127868,0.188171,0.18751400000000001,0.230271,0.115935,0.126342,0.144644,0.091946,0.07397100000000001,0.054042999999999994,0.05563099999999999,0.036627,0.033556,0.026566000000000003,0.039382,0.06133400000000001,0.045706000000000004,0.06998,4
0.6659109999999999,0.20158199999999998,0.001467,0.39622399999999997,0.46216599999999997,0.018593000000000002,0.0061270000000000005,0.020439,0.014903999999999999,0.008371,0.0022429999999999998,0.004253,0.01257,0.043121,0.09578500000000001,0.012039,0.005767,0.0074730000000000005,0.005490999999999999,0.010116,5
0.5104420000000001,0.156422,0.303794,0.226021,0.34508099999999997,0.08745,0.021366999999999997,0.003117,0.006444,0.162455,0.16234400000000002,0.080812,0.022925,0.012447,0.046209,0.02474,0.020631,0.004306,0.014094999999999998,0.006103,2
0.40205599999999997,0.120076,0.24184499999999998,0.181044,0.264119,0.06498,0.058401999999999996,0.08493400000000001,0.03058,0.008399,0.007953,0.001725,0.01672,0.00395,0.00915,0.002395,0.025514,0.109297,0.054105999999999994,0.009739,4
0.6786260000000001,0.204562,0.297863,0.397881,0.454009,0.008796,0.005998,0.012692,0.039316000000000004,0.021444,0.002182,0.002771,0.010403,0.042255,0.258837,0.024576,0.005409000000000001,0.00939,0.004379,0.021592,5
0.186069,0.23775300000000002,0.171158,0.226671,0.171427,0.154057,0.251498,0.11432,0.044622,0.017471,0.011555,0.025541,0.026602999999999998,0.008565999999999999,0.007437,0.050303,0.098228,0.086384,0.021688,0.010347,4
0.19023800000000002,0.24663600000000002,0.176362,0.23259899999999997,0.240727,0.20453,0.292896,0.19853800000000002,0.09589299999999999,0.03783,0.029147000000000003,0.033171,0.062296000000000004,0.023009,0.020613,0.045441,0.142906,0.19109,0.07884,0.04342,4
0.505268,0.152647,0.22206199999999998,0.29797199999999996,0.33603299999999997,0.033878,0.005571,0.001534,0.008534,0.204443,0.09517,0.031010000000000003,0.004945000000000001,0.0024850000000000002,0.016113,0.031347,0.0050609999999999995,0.008502,0.001994,0.002415,2
0.397557,0.119126,0.23842600000000003,0.17644200000000002,0.251655,0.076795,0.21743800000000002,0.13976,0.033233,0.02713,0.035977999999999996,0.010887,0.036674,0.0059700000000000005,0.015624,0.029570999999999997,0.168468,0.363173,0.130262,0.017371,4
0.228952,0.295509,0.211106,0.285963,0.31341399999999997,0.05807999999999999,0.0066370000000000005,0.01804,0.10363900000000001,0.13647,0.06390499999999999,0.030802,0.017547,0.012375,0.006645,0.010785,0.008855,0.010066,0.005945000000000001,0.015879,2
0.282262,0.03655,0.166043,0.039236,0.229742,0.100439,0.028369,0.008042,0.009643,0.021533,0.041886,0.07927000000000001,0.08462599999999999,0.031004000000000004,0.025068,0.009294,0.008075,0.010081999999999999,0.0073349999999999995,0.008357,5
0.45383900000000005,0.435356,0.007102,0.099888,0.35733400000000004,0.07650900000000001,0.03846,0.045734,0.091955,0.030061,0.017498,0.013927000000000002,0.027741000000000002,0.035851999999999995,0.101009,0.047505,0.028813,0.040963,0.045249,0.072574,3
0.37990100000000004,0.47351800000000005,0.006867,0.336549,0.5299159999999999,0.01798,0.074259,0.010309,0.005232,0.034622,0.007798,0.011189,0.005901,0.003851,0.0064340000000000005,0.086641,0.075754,0.058699,0.014066,0.0074340000000000005,1
0.189984,0.247257,0.166745,0.23165500000000003,0.22623000000000001,0.154952,0.239344,0.1341,0.085094,0.051251,0.043773,0.07126,0.067828,0.02926,0.032639999999999995,0.074304,0.09830599999999999,0.10666500000000001,0.057040999999999994,0.035055,4
0.396084,0.504271,0.35379299999999997,0.47340299999999996,0.5630430000000001,0.008427,0.088962,0.029153,0.004214,0.003704,0.029261000000000002,0.004012,0.008584999999999999,0.002566,0.0034130000000000002,0.015463,0.117406,0.123503,0.041007999999999996,0.012576,3
0.24884,0.320079,0.231169,0.30930599999999997,0.403427,0.147451,0.059432000000000006,0.011072,0.023834,0.129354,0.211623,0.12313199999999999,0.060252,0.020587,0.022803999999999998,0.014341,0.052828,0.014107,0.01012,0.013056,2
0.648637,0.201808,0.006609,0.286881,0.44499700000000003,0.031631,0.009183,0.035642,0.010706,0.007667,0.002372,0.005393,0.022068,0.068176,0.0663,0.014313999999999999,0.007389,0.005477,0.008869,0.0036130000000000003,5
0.736982,0.23467800000000003,0.10134299999999999,0.007059,0.381948,0.036746,0.06970599999999999,0.009428,0.025899000000000002,0.045397,0.025394,0.007839,0.006987999999999999,0.011775,0.041485,0.11350299999999999,0.067294,0.043781,0.012205,0.011887,1
0.24278000000000002,0.309237,0.220608,0.296608,0.334965,0.041042,0.0032670000000000004,0.0018859999999999999,0.013787,0.16283399999999998,0.105098,0.035254,0.007877,0.004121,0.006479,0.023017,0.002921,0.008282,0.0022949999999999997,0.001027,2
0.383856,0.49547299999999994,0.347696,0.47235699999999997,0.556489,0.016814,0.202747,0.029906,0.004443,0.01197,0.038523,0.011473,0.008546,0.0037329999999999998,0.006289,0.06634,0.22260700000000003,0.184408,0.042586,0.01305,1
0.401999,0.11851300000000001,0.238465,0.17795899999999998,0.263802,0.081045,0.161142,0.181226,0.038762,0.03228,0.046136,0.013728,0.058854,0.017656,0.028138,0.019745,0.106271,0.336854,0.184111,0.053257000000000006,4
0.22754899999999997,0.293956,0.20930700000000002,0.276428,0.30166,0.046343,0.007104999999999999,0.019849000000000002,0.11068900000000001,0.12323599999999998,0.060047,0.023312,0.012142,0.006559000000000001,0.010303,0.005764,0.006562999999999999,0.005594,0.005444,0.013985,0
0.304543,0.399154,0.006312,0.28180700000000003,0.42579700000000004,0.016309999999999998,0.0066760000000000005,0.032399000000000004,0.006377000000000001,0.0033159999999999995,0.0024980000000000002,0.007761,0.05349500000000001,0.077458,0.036771,0.004852,0.003991,0.008215,0.00487,0.004222999999999999,5
0.188923,0.24818600000000002,0.17705,0.017531,0.24708899999999998,0.297039,0.284992,0.216015,0.109925,0.081539,0.074019,0.069003,0.090869,0.033461000000000005,0.040675,0.057602999999999994,0.090536,0.158748,0.072408,0.04046,4
0.470807,0.143203,0.280517,0.20895,0.312488,0.007087,0.005794,0.0039109999999999995,0.053033000000000004,0.0382,0.011667,0.004941,0.006225,0.006032,0.005454,0.004149,0.006612000000000001,0.005575,0.0049039999999999995,0.015557,0
0.381326,0.117748,0.17177,0.23240700000000003,0.24370100000000003,0.14047,0.289265,0.12222999999999999,0.057388,0.028333999999999998,0.028515,0.030797,0.041804,0.013694,0.018313,0.08273,0.16346,0.156531,0.041743,0.020856,4
0.232723,0.30648600000000004,0.216156,0.292223,0.320752,0.07850499999999999,0.010917,0.011344,0.06326799999999999,0.22805,0.12783,0.055782000000000005,0.023596000000000002,0.015709,0.0094,0.02635,0.008111,0.015437000000000001,0.008004,0.008045,0
0.833569,0.250959,0.495026,0.012440999999999999,0.582314,0.010334000000000001,0.026820999999999998,0.035852999999999996,0.005343,0.004124,0.027708999999999998,0.012655,0.008302,0.003327,0.004103,0.005961999999999999,0.025829,0.153807,0.051546,0.020705,3
0.2274,0.45815500000000003,0.139016,0.28741700000000003,0.318971,0.125824,0.036788999999999995,0.041108,0.16708199999999998,0.25647,0.105478,0.04576,0.06297699999999999,0.039365,0.030743,0.050325,0.027948,0.031795,0.015998,0.0313,0
0.41363900000000003,0.530312,0.374762,0.011927,0.504447,0.01051,0.055644000000000006,0.092973,0.018797,0.0060409999999999995,0.008879999999999999,0.030316000000000003,0.011498,0.005912,0.004038,0.016741,0.056155,0.16509300000000002,0.138503,0.057862000000000004,1
0.681651,0.201756,0.40227399999999996,0.001945,0.46929,0.023712999999999998,0.025969,0.035313,0.098958,0.015673,0.005308,0.011773,0.048201,0.108838,0.34624,0.049261,0.024562999999999998,0.013507,0.006442,0.031702999999999995,5
0.45107700000000006,0.14059000000000002,0.26450999999999997,0.198242,0.28007,0.017634999999999998,0.007365000000000001,0.021791,0.064755,0.020131,0.009507,0.007308,0.014216999999999999,0.005059,0.018575,0.006876,0.005379999999999999,0.007809,0.022227,0.083235,0
0.49742,0.152399,0.298654,0.221227,0.269409,0.028897000000000003,0.01013,0.005164,0.017512,0.12634,0.057083,0.020339,0.011063,0.0072840000000000005,0.020730000000000002,0.020954,0.009103,0.00985,0.005634,0.0048579999999999995,0
0.515791,0.155387,0.230506,0.307865,0.347004,0.028145,0.020040000000000002,0.001794,0.0035020000000000003,0.037226,0.077928,0.025412,0.008111,0.004452,0.009583,0.004922,0.020313,0.0032939999999999996,0.005397,0.003196,2
0.322725,0.412229,0.293004,0.391673,0.456787,0.018004,0.01234,0.054153,0.017835,0.029927,0.003754,0.009484000000000001,0.068812,0.22099699999999997,0.329208,0.060708000000000005,0.012386,0.024411000000000002,0.015872999999999998,0.013443,5
0.505838,0.153033,0.222036,0.29742399999999997,0.392812,0.067163,0.014031,0.003304,0.017516999999999998,0.238184,0.141454,0.05500599999999999,0.0108,0.006214,0.014086000000000001,0.045346,0.012740000000000001,0.007845,0.003867,0.0033840000000000003,0
0.148723,0.192141,0.13911800000000002,0.187559,0.224823,0.089517,0.083602,0.033661,0.034904000000000004,0.049081,0.013066999999999999,0.013845,0.07889700000000001,0.146284,0.145509,0.014738,0.013563,0.012320999999999999,0.008657999999999999,0.011009,4
0.039837,0.048483,0.165941,0.07234700000000001,0.30084,0.123669,0.06751,0.025923,0.018993,0.029814,0.055209,0.074655,0.060860000000000004,0.024973,0.023035,0.014247,0.018928999999999998,0.03487,0.017412,0.014697,5
0.542974,0.164733,0.319712,0.00605,0.358403,0.070268,0.008597,0.001662,0.002752,0.010389,0.131932,0.08179199999999999,0.037677999999999996,0.004131,0.00477,0.0020399999999999997,0.007442,0.009711,0.002097,0.009663,2
0.267811,0.364833,0.26408899999999996,0.232446,0.26276900000000003,0.039678,0.038531,0.008646,0.004714,0.014884,0.035905,0.06612699999999999,0.06844700000000001,0.017625,0.009068999999999999,0.007088,0.010239,0.009987000000000001,0.011068000000000001,0.014547,2
0.321646,0.398909,0.006451999999999999,0.379728,0.43302799999999997,0.049779000000000004,0.013040000000000001,0.071636,0.018014,0.007219,0.004992,0.022476,0.121152,0.163767,0.129522,0.028682,0.010459999999999999,0.012459999999999999,0.017502,0.008134,5
0.229312,0.296244,0.017603,0.034168000000000004,0.236656,0.075339,0.020117,0.016794,0.06480599999999999,0.1024,0.050501,0.02345,0.017047,0.013131,0.01248,0.009727,0.009099,0.008615000000000001,0.006065,0.011623,2
0.252834,0.332554,0.23777600000000002,0.318587,0.364672,0.060638,0.014034,0.0032359999999999997,0.004806,0.016861,0.104305,0.058611,0.024380000000000002,0.005169,0.005363000000000001,0.003885,0.013900999999999998,0.020202,0.003699,0.005975,2
0.26365,0.351813,0.15013800000000002,0.32951199999999997,0.259841,0.071639,0.018055,0.008618,0.013665,0.028863999999999997,0.055853999999999994,0.069751,0.045086,0.013383,0.013132,0.010578,0.009329,0.016654,0.008407,0.009912,0
0.535432,0.16451500000000002,0.319853,0.011639,0.423232,0.05099,0.014998,0.003514,0.004181,0.011528,0.111854,0.055975,0.022993,0.006022,0.005517,0.004164,0.010265999999999999,0.012565999999999999,0.003582,0.004564,2
0.21034,0.108045,0.117001,0.006342,0.11950699999999999,0.114293,0.119152,0.07477400000000001,0.069742,0.057510000000000006,0.037288,0.023962999999999998,0.032258999999999996,0.014033000000000002,0.017700999999999998,0.030244,0.055158000000000006,0.091805,0.059163,0.0319,4
0.809412,0.24610700000000002,0.47354700000000005,0.35299400000000003,0.5552060000000001,0.016094999999999998,0.159869,0.014693000000000001,0.004141,0.006226,0.10232999999999999,0.004903,0.008256,0.002361,0.003958,0.018713999999999998,0.189377,0.126073,0.020648,0.008149,3
0.69555,0.211628,0.0014199999999999998,0.40776100000000004,0.397514,0.014953,0.015588,0.009772,0.106135,0.012327,0.004712,0.0060420000000000005,0.009727,0.027779,0.23477199999999998,0.048928,0.014334999999999999,0.008623,0.011101,0.018312000000000002,5
0.509609,0.154305,0.302634,0.225358,0.343656,0.030422,0.0073560000000000006,0.002245,0.006382,0.125332,0.08876,0.024236,0.006157,0.005436,0.028079000000000003,0.017100999999999998,0.006399,0.004823,0.0058130000000000005,0.004642,2
0.380892,0.49253100000000005,0.006263,0.022298,0.5704520000000001,0.02802,0.132348,0.039327,0.011193,0.022964,0.020378,0.014221000000000001,0.008336,0.006687,0.013156999999999999,0.084332,0.140524,0.11193800000000001,0.057079,0.034044,1
0.8650049999999999,0.262181,0.507169,0.37918,0.508045,0.0071010000000000005,0.01029,0.063671,0.010139,0.003549,0.0054659999999999995,0.044693000000000004,0.007575,0.005143,0.004917,0.0042840000000000005,0.009479000000000001,0.044722000000000005,0.095287,0.046311,1
0.208157,0.260471,0.077514,0.187686,0.109501,0.10953800000000001,0.048622000000000005,0.1022,0.066861,0.043123,0.029005,0.037417,0.034679,0.027022000000000004,0.016890000000000002,0.017214,0.016093,0.060083000000000004,0.07131699999999999,0.057481,0
0.21131799999999998,0.28224299999999997,0.19383599999999998,0.265286,0.27750199999999997,0.067601,0.021936,0.051588999999999996,0.097018,0.063062,0.030662000000000002,0.015641,0.019398,0.011649,0.017,0.009122,0.007712999999999999,0.013812,0.01804,0.051088999999999996,4
0.41317,0.013028,0.06098200000000001,0.241765,0.254551,0.077988,0.16187100000000001,0.181259,0.056349,0.041266000000000004,0.045379,0.018257,0.047855,0.020812999999999998,0.035782,0.044644,0.133142,0.319452,0.205954,0.10741400000000001,4
0.269477,0.345765,0.24713800000000002,0.41371499999999994,0.382589,0.102118,0.010429,0.0059700000000000005,0.002594,0.004235,0.038717,0.129136,0.089374,0.010904,0.005792,0.004164,0.002654,0.024689,0.007995,0.0034509999999999996,2
0.7382529999999999,0.224779,0.012112000000000001,0.324629,0.390782,0.036642,0.053308,0.011429,0.017884,0.04893,0.016505000000000002,0.008829,0.012624,0.007742,0.025658999999999998,0.1148,0.051284,0.020356,0.013826,0.014065000000000001,1
0.059163,0.082464,0.072136,0.055324,0.07649500000000001,0.139895,0.029613,0.019518999999999998,0.015066,0.024319999999999998,0.029230000000000003,0.015791,0.014256,0.007417,0.008543,0.010246,0.009349,0.011912,0.007375,0.008875,0
0.18676600000000002,0.239562,0.171515,0.231413,0.243495,0.124071,0.169369,0.095687,0.034914,0.008974,0.007551,0.014722999999999998,0.018181,0.005147,0.004392,0.018622,0.054563,0.055577999999999995,0.015926,0.006305,4
0.321471,0.401633,0.291984,0.39108699999999996,0.448345,0.01993,0.006904,0.02525,0.011339,0.01154,0.003382,0.006967,0.03307,0.09256900000000001,0.121148,0.011599,0.007807,0.00938,0.010586,0.00806,5
0.7372890000000001,0.225787,0.007275,0.32603200000000004,0.598236,0.041729,0.09285700000000001,0.012006999999999999,0.026271,0.07205800000000001,0.017961,0.009059000000000001,0.007121,0.009498999999999999,0.037355,0.181677,0.09334400000000001,0.042691,0.013425999999999999,0.008157,1
0.797661,0.245767,0.468866,0.35136300000000004,0.550006,0.008723,0.113481,0.015453999999999999,0.0029690000000000003,0.005446,0.043024,0.0038929999999999998,0.004031,0.001993,0.00317,0.021595,0.126941,0.079649,0.021966,0.007829000000000001,1
0.40103,0.12012300000000001,0.23883400000000002,0.177475,0.261871,0.140816,0.16141,0.192388,0.067062,0.017103,0.027859,0.004182,0.044132,0.007281,0.011239,0.0078,0.084453,0.274462,0.128577,0.025774000000000002,4
0.378446,0.47204700000000005,0.007488,0.336001,0.456075,0.057258,0.158331,0.046808999999999996,0.023586000000000003,0.064802,0.04095,0.029918,0.019499000000000002,0.016416,0.025327000000000002,0.176369,0.166548,0.125744,0.063154,0.045284,1
0.8690829999999999,0.261944,0.384889,0.001652,0.484001,0.008458,0.010629000000000001,0.06651900000000001,0.011394,0.00556,0.0066170000000000005,0.061453,0.009573,0.013291999999999998,0.004731,0.005762,0.010276,0.036387,0.11004100000000001,0.037636,1
0.564238,0.1664,0.0071530000000000005,0.248687,0.377531,0.056276,0.040411,0.011391,0.005733,0.013456000000000001,0.046324000000000004,0.12121199999999999,0.039822,0.012239,0.013075999999999999,0.011704,0.005332,0.016441,0.014191,0.007275,0
0.527628,0.156711,0.232623,0.309726,0.35509,0.07959400000000001,0.049239,0.003286,0.006807,0.057665,0.224469,0.080788,0.028376,0.012269,0.012061,0.008995,0.054971000000000006,0.014372,0.012365000000000001,0.007774,2
0.24780500000000003,0.31953400000000004,0.226552,0.303518,0.332721,0.086896,0.011004,0.0033469999999999997,0.009692000000000001,0.087147,0.135428,0.075951,0.015657,0.00547,0.009857,0.008828,0.010101,0.0044,0.004524,0.004228,2
0.00344,0.422825,0.099713,0.29315399999999997,0.378279,0.048664,0.018109,0.01761,0.021164,0.012518000000000001,0.00406,0.006363000000000001,0.023813,0.047044,0.08984600000000001,0.031876,0.017097,0.011104000000000001,0.005455,0.008213,5
0.507899,0.153396,0.224906,0.301491,0.33257800000000004,0.032952999999999996,0.009894,0.00231,0.006072,0.098902,0.065535,0.026023,0.004966,0.002897,0.012941,0.026588,0.009573,0.005898,0.003432,0.002583,2
0.40166999999999997,0.514704,0.363257,0.48426400000000003,0.680769,0.0028280000000000002,0.08742899999999999,0.11243800000000001,0.004324000000000001,0.002045,0.032427,0.003211,0.028633,0.002001,0.0023350000000000003,0.007063,0.089385,0.347041,0.161165,0.029092000000000003,1
0.26858200000000004,0.012292,0.023058000000000002,0.17569,0.324955,0.077584,0.029418,0.015908000000000002,0.013827,0.016368,0.030463,0.06554199999999999,0.074538,0.019829,0.015903,0.008898999999999999,0.012376,0.009461,0.012515,0.012482,0
0.338649,0.43423900000000004,0.313628,0.407111,0.411157,0.010276,0.018042,0.010055,0.082234,0.010731999999999998,0.009356,0.002522,0.010671,0.037523,0.281289,0.08559299999999999,0.016781,0.008376999999999999,0.007422,0.012223999999999999,5
0.248559,0.31953400000000004,0.007408,0.028817000000000002,0.227444,0.12163900000000001,0.041391000000000004,0.021828999999999998,0.028227,0.08276,0.11048699999999999,0.105927,0.06830599999999999,0.029313,0.026079,0.02418,0.019819999999999997,0.021189,0.017473,0.014525,0
0.34276599999999996,0.43628199999999995,0.006383,0.308796,0.390782,0.035135,0.032874,0.012192,0.049069,0.011504,0.006925,0.005782,0.017516999999999998,0.027212,0.11025599999999999,0.067619,0.02997,0.014625999999999998,0.008876,0.008997,5
0.60738,0.19983900000000002,0.270492,0.011483,0.389322,0.055547000000000006,0.096575,0.05928200000000001,0.025411000000000003,0.013546,0.022491999999999998,0.071791,0.232327,0.10547100000000001,0.0698,0.023825,0.033685,0.01711,0.016714,0.033433,5
0.283735,0.024894,0.176298,0.264814,0.401005,0.131444,0.046678,0.018833000000000003,0.011225,0.013002000000000001,0.025283,0.06781000000000001,0.14266099999999998,0.046198,0.024773,0.009956,0.014309,0.009114,0.0069310000000000005,0.019607,5
0.662798,0.203295,0.007469,0.39619899999999997,0.372616,0.046985,0.019139,0.04693,0.015888,0.016263999999999997,0.007873999999999999,0.011481,0.020003999999999997,0.065712,0.104093,0.024215999999999998,0.012198,0.015471,0.012715,0.018473,5
0.305319,0.398773,0.006818,0.280928,0.332079,0.035491,0.013798,0.020665,0.009184000000000001,0.004437,0.004478,0.016586,0.086887,0.093015,0.073003,0.008119,0.005471,0.010248,0.004093,0.006443000000000001,5
0.365144,0.109154,0.16614500000000001,0.22525599999999998,0.283575,0.085069,0.33422399999999997,0.06122999999999999,0.031232999999999997,0.041833999999999996,0.013781999999999999,0.069029,0.023292,0.013603,0.01646,0.23023000000000002,0.207319,0.090619,0.015609999999999999,0.010440999999999999,4
0.646795,0.199934,0.386063,0.28670300000000004,0.444391,0.010731999999999998,0.006220000000000001,0.071796,0.011706999999999999,0.005027,0.0024980000000000002,0.003757,0.032182999999999996,0.12476500000000001,0.088549,0.007285,0.006998000000000001,0.006462999999999999,0.016880000000000003,0.005179,5
0.193759,0.25778,0.182356,0.303059,0.262723,0.078609,0.059354,0.105149,0.057229999999999996,0.019087,0.011168,0.008601000000000001,0.019765,0.009462,0.014491999999999998,0.006226,0.025841000000000003,0.095487,0.07013899999999999,0.040409,4
0.49023,0.143851,0.012107999999999999,0.21572,0.24910500000000002,0.059526,0.012009,0.008643000000000001,0.036869,0.096073,0.036194,0.020201,0.016013999999999997,0.012055,0.007917,0.018139,0.009311,0.010556,0.006743000000000001,0.012787,2
0.18701099999999998,0.24593299999999998,0.17206300000000002,0.23225500000000002,0.232638,0.155529,0.22984899999999997,0.124474,0.05279400000000001,0.024228,0.021776,0.020219,0.029666,0.015497,0.014638,0.033873,0.094873,0.106689,0.034552,0.01806,4
0.639167,0.191754,0.375616,0.2808,0.508971,0.017973,0.007036,0.098031,0.015147,0.0039770000000000005,0.003764,0.010637,0.08643200000000001,0.173965,0.078697,0.00609,0.006323,0.016797,0.006306,0.004543,5
0.187844,0.23796599999999998,0.170979,0.012385,0.18329600000000001,0.088702,0.122848,0.05449400000000001,0.028155,0.010882,0.007448000000000001,0.020586,0.018383,0.005933,0.006453,0.027444999999999997,0.050448,0.04941,0.015152,0.007133,4
0.415239,0.5280239999999999,0.37400900000000004,0.49595500000000003,0.498997,0.0023239999999999997,0.009316,0.054908000000000005,0.0032450000000000005,0.001786,0.0048189999999999995,0.011275,0.003565,0.0019440000000000002,0.002049,0.0029170000000000003,0.009285,0.09336,0.0788,0.034841000000000004,1
0.49816499999999997,0.154877,0.298412,0.22166100000000002,0.385653,0.018451,0.006179,0.002762,0.005261,0.062855,0.027957999999999997,0.014421000000000002,0.006822,0.004093,0.009535,0.011154,0.005340999999999999,0.0065769999999999995,0.003442,0.005351,0
0.23179299999999997,0.305233,0.220914,0.29175100000000004,0.32121500000000003,0.027957999999999997,0.006540000000000001,0.005785,0.029826,0.08824,0.04465,0.016402,0.013854,0.009503,0.00569,0.014213,0.0063939999999999995,0.009691,0.003824,0.0063490000000000005,2
0.244468,0.30795700000000004,0.006540000000000001,0.22152,0.247356,0.182534,0.053811000000000005,0.032594,0.088515,0.244581,0.183062,0.10560699999999999,0.058551,0.034877,0.03639,0.048262,0.038899,0.027389999999999998,0.018797,0.020213,5
0.515089,0.15682000000000001,0.227661,0.304168,0.400079,0.071768,0.025047999999999997,0.0043219999999999995,0.013581999999999999,0.074417,0.135267,0.059073,0.023737,0.012320999999999999,0.022846,0.01205,0.02554,0.006868000000000001,0.011187,0.008518000000000001,0
0.421658,0.540854,0.381343,0.511265,0.333326,0.004018,0.006305,0.045682,0.012697,0.0026920000000000004,0.003617,0.020007,0.0049960000000000004,0.00822,0.004053,0.0029690000000000003,0.006075,0.028019,0.073666,0.051703,3
0.34137199999999995,0.434675,0.303297,0.01152,0.402323,0.022496000000000002,0.039461,0.0077870000000000005,0.059097000000000004,0.021803,0.011909000000000001,0.0047810000000000005,0.01615,0.043955,0.26495799999999997,0.16448,0.038901,0.019803,0.009341,0.009838,5
0.245792,0.316347,0.22541599999999998,0.30242199999999997,0.329337,0.15399000000000002,0.027744,0.024312,0.075613,0.23101300000000002,0.172604,0.11324300000000001,0.06230599999999999,0.020325,0.018381,0.03505,0.019594,0.010908,0.011243000000000001,0.015931999999999998,0
0.037057,0.168522,0.165546,0.253315,0.31117,0.132547,0.029651,0.01426,0.010205,0.01535,0.033703,0.08558400000000001,0.072189,0.016413,0.011363,0.007831999999999999,0.00743,0.011964,0.009887,0.007051000000000001,0
0.211033,0.28099,0.01132,0.198229,0.294446,0.324425,0.07900399999999999,0.195768,0.348898,0.255469,0.15121800000000002,0.097724,0.063061,0.035515,0.068337,0.042376,0.035335000000000005,0.044075,0.077269,0.181533,0
0.24566999999999997,0.316238,0.22481700000000002,0.297513,0.337957,0.059007000000000004,0.010587000000000001,0.004148,0.016524,0.150514,0.109003,0.052074,0.013513999999999998,0.004483,0.009569,0.03228,0.009179000000000001,0.008570999999999999,0.004898,0.005331,0
0.532057,0.16591199999999998,0.23738,0.313309,0.356408,0.132732,0.028110000000000003,0.004388,0.00857,0.045364999999999996,0.21272,0.140571,0.094368,0.016328,0.010941,0.006379999999999999,0.032104,0.030782,0.005991,0.007731999999999999,0
0.497025,0.152418,0.22571,0.001504,0.396838,0.047211,0.016811000000000003,0.009164,0.028316,0.13883099999999998,0.078364,0.032221,0.018984,0.0074730000000000005,0.010408,0.027857999999999997,0.015688,0.011868,0.006372999999999999,0.005425999999999999,0
0.341569,0.43704399999999993,0.006215,0.30833699999999997,0.41073000000000004,0.023461000000000003,0.02843,0.009169,0.034179,0.013486000000000001,0.009982,0.006951000000000001,0.014223,0.024358,0.117263,0.07284700000000001,0.026679,0.015581,0.011082,0.009604999999999999,5
0.792663,0.238963,0.347951,0.46667200000000003,0.6439020000000001,0.007123999999999999,0.241694,0.014525999999999999,0.003097,0.018767,0.064093,0.011628,0.003768,0.002175,0.002719,0.046076,0.265427,0.09531,0.020538999999999998,0.005792,3
0.376881,0.472401,0.0066,0.335325,0.539533,0.021796,0.254845,0.026769,0.007234999999999999,0.060462,0.009714,0.012429,0.007981,0.007125,0.016895,0.273516,0.25756599999999996,0.168177,0.039281,0.015141,1
0.797091,0.246865,0.352722,0.005801,0.649957,0.006764,0.07951699999999999,0.011236,0.0036420000000000003,0.005176,0.035075,0.004103,0.0047009999999999994,0.002833,0.0038450000000000003,0.01405,0.089903,0.043446,0.015387,0.006781000000000001,1
0.545341,0.164793,0.319789,0.238641,0.422484,0.090154,0.020546000000000002,0.004162,0.005606,0.020127000000000003,0.232802,0.144548,0.05446,0.009752,0.007141,0.00282,0.017547999999999998,0.045913999999999996,0.00448,0.007804000000000001,2
0.244394,0.309237,0.221284,0.297768,0.321785,0.035657,0.007817000000000001,0.004618,0.013748,0.091402,0.060846000000000004,0.027725,0.007875,0.003853,0.007064,0.021195,0.007328,0.008156,0.0048590000000000005,0.0038179999999999998,2
0.8349719999999999,0.259902,0.0112,0.369899,0.688285,0.023143,0.030827999999999998,0.052748,0.009065,0.004001,0.040462,0.0329,0.011888,0.004195,0.0040030000000000005,0.007157999999999999,0.031275,0.184826,0.077721,0.035049000000000004,3
0.399767,0.117799,0.177293,0.24338400000000002,0.265932,0.072779,0.115905,0.089184,0.033969,0.026236000000000002,0.019481000000000002,0.017418,0.025011000000000002,0.00963,0.009777,0.017504,0.051261,0.113087,0.065929,0.026135000000000002,4
0.190883,0.247824,0.17235699999999998,0.236525,0.265284,0.323456,0.37946799999999997,0.282988,0.184401,0.075575,0.05979500000000001,0.041157,0.067273,0.029710000000000004,0.023589,0.041379,0.134364,0.213,0.090748,0.051047,4
0.513423,0.15479,0.30735300000000004,0.23016399999999998,0.350246,0.022118000000000002,0.010764,0.0031309999999999997,0.005661,0.044257,0.05952999999999999,0.020347,0.008282,0.006131,0.012740000000000001,0.005786,0.009528,0.005273,0.006903,0.006552,0
0.493737,0.152968,0.220302,0.29374,0.330583,0.014081,0.003199,0.003002,0.009518,0.070812,0.016244,0.008263,0.004881,0.003936,0.005204,0.013438,0.002902,0.0056890000000000005,0.003288,0.0037380000000000004,2
0.18645,0.247151,0.18266300000000002,0.01743,0.169415,0.127022,0.15203599999999998,0.103914,0.042607,0.031455000000000004,0.021425,0.029806,0.033960000000000004,0.024539,0.016589,0.03429,0.059852999999999996,0.074772,0.042079000000000005,0.025499,4
0.834096,0.258027,0.017606999999999998,0.49003900000000006,0.5733020000000001,0.051308000000000006,0.048301,0.083489,0.014288999999999998,0.008642,0.064999,0.031049,0.014931,0.0043560000000000005,0.005529999999999999,0.015406,0.048402999999999995,0.323323,0.118756,0.046564,1
0.262957,0.331546,0.01188,0.237073,0.286984,0.153826,0.040359,0.016561000000000003,0.026685000000000004,0.06423200000000001,0.13486099999999998,0.129723,0.080614,0.027451999999999997,0.025848000000000003,0.01951,0.024122,0.030764,0.014215,0.013618,0
0.514694,0.164008,0.308055,0.230725,0.344725,0.050623,0.01906,0.003279,0.008687,0.049638999999999996,0.076888,0.046938,0.029631,0.009288,0.018946,0.008678,0.019063,0.0065769999999999995,0.008621,0.006267,0
0.533986,0.164455,0.237304,0.318752,0.35865199999999997,0.050957999999999996,0.016252000000000003,0.002323,0.004397,0.013205000000000001,0.098715,0.056887,0.028382,0.005842,0.005619,0.002672,0.015083000000000001,0.017294,0.002668,0.006847,2
0.3625,0.012205,0.21932,0.329907,0.63546,0.010882,0.027944,0.0032700000000000003,0.002774,0.010609,0.003737,0.0038,0.004261,0.003117,0.006142,0.04818,0.028026,0.010356,0.005782,0.004984000000000001,1
0.51031,0.154888,0.22693400000000002,0.30246,0.34419,0.03888,0.011040000000000001,0.001495,0.007576,0.06793300000000001,0.065823,0.034609,0.009444,0.004847,0.009414,0.009714,0.011021,0.0035789999999999997,0.0048850000000000005,0.0023899999999999998,2
0.24683200000000002,0.318853,0.22664099999999998,0.215835,0.23805900000000002,0.12584,0.027004000000000004,0.015119,0.043376,0.137459,0.180424,0.101378,0.031716,0.013909,0.017536000000000003,0.016524,0.020193,0.019816,0.012445,0.01456,0
0.396654,0.120117,0.176438,0.23666500000000001,0.257782,0.036591000000000005,0.103302,0.049835000000000004,0.018585,0.009264,0.021734,0.0034439999999999996,0.037413,0.002928,0.005949,0.0059240000000000004,0.073107,0.125831,0.038666000000000006,0.007388,2
0.3954,0.120619,0.17669300000000002,0.236704,0.257479,0.064759,0.237967,0.111345,0.038816,0.034782,0.033591,0.012903999999999999,0.067901,0.013300999999999999,0.0145,0.027872000000000004,0.18401199999999998,0.290709,0.08406799999999999,0.018887,4
0.241583,0.308093,0.22000799999999998,0.292937,0.324813,0.040368,0.0051909999999999994,0.005225,0.029547000000000004,0.153884,0.092111,0.031911,0.010667,0.007639,0.006573000000000001,0.030057,0.004268999999999999,0.009023999999999999,0.003754,0.0034770000000000005,2
0.301509,0.379379,0.270364,0.005783,0.340379,0.019403,0.016962,0.007562999999999999,0.007884,0.003599,0.0043219999999999995,0.016382,0.11168299999999999,0.063224,0.037009,0.0052770000000000004,0.004724,0.006033,0.0030489999999999996,0.011033,5
0.602689,0.188077,0.358487,0.006922,0.33311199999999996,0.074172,0.145254,0.024138999999999997,0.011058,0.011618,0.026962,0.103726,0.310423,0.08386,0.057197000000000005,0.012975,0.025266,0.026012999999999998,0.014483000000000001,0.025441,5
0.340863,0.43505600000000005,0.012492,0.3039,0.54997,0.017889,0.020511,0.004195,0.034894,0.007408,0.00394,0.0026899999999999997,0.009734,0.019775,0.12967599999999999,0.068152,0.019909,0.00656,0.004268,0.007189,5
0.205163,0.25891,0.18798099999999998,0.25397800000000004,0.224377,0.23326999999999998,0.117129,0.281289,0.188998,0.083641,0.028408999999999997,0.048843,0.043212,0.060323,0.02425,0.01763,0.038904,0.10686300000000001,0.132275,0.063414,4
0.664552,0.023698,0.094887,0.292491,0.5307350000000001,0.054608000000000004,0.015466999999999998,0.020106,0.013912,0.009187,0.006971,0.011496,0.030905000000000002,0.046481,0.076192,0.023001,0.014028,0.015065,0.007773,0.008884,5
0.666043,0.211277,0.3967,0.2968,0.536684,0.027652999999999997,0.03196,0.066097,0.04994,0.037958,0.0071189999999999995,0.011372,0.04802,0.12136400000000001,0.290985,0.055829,0.026746,0.019017,0.014841,0.035568999999999996,5
0.244889,0.31749099999999997,0.22153899999999999,0.29742399999999997,0.393489,0.147458,0.022359,0.015216999999999998,0.07849500000000001,0.31508200000000003,0.21982800000000002,0.11627799999999999,0.051332,0.019124000000000002,0.031757,0.06468600000000001,0.018609999999999998,0.018754,0.008465,0.0060030000000000005,0
0.194193,0.25761300000000004,0.182254,0.24734899999999999,0.210817,0.103895,0.052455999999999996,0.1043,0.062612,0.017103,0.008261,0.006734,0.01847,0.010483,0.007445,0.004646,0.015512,0.059628,0.04489,0.022077,4
0.439371,0.141397,0.259676,0.19403499999999999,0.327271,0.097338,0.034598000000000004,0.11598,0.18697,0.098913,0.057687999999999996,0.05814,0.033941000000000006,0.023391,0.033792,0.014127,0.015691999999999998,0.040244999999999996,0.108958,0.208538,2
0.22999099999999997,0.296135,0.007916,0.215108,0.303832,0.237077,0.055138,0.0721,0.20535799999999998,0.302213,0.159605,0.099444,0.06272,0.038801999999999996,0.036458,0.036946,0.030555000000000002,0.032225,0.028752,0.068057,0
0.249901,0.320732,0.227228,0.003408,0.347147,0.11481500000000001,0.024832,0.0033020000000000002,0.012057,0.08713,0.155055,0.099207,0.043807,0.0105,0.014466999999999999,0.014288,0.025627999999999998,0.014535,0.00715,0.007186,5
0.018501,0.531728,0.121946,0.3796,0.494972,0.064394,0.017608000000000002,0.047199,0.008544,0.007437,0.00873,0.034394,0.007534999999999999,0.007168000000000001,0.005388,0.009196,0.016751,0.06544,0.072434,0.033407,1
0.5130279999999999,0.154442,0.226564,0.303492,0.34444,0.074281,0.026256,0.0021579999999999998,0.011757,0.146002,0.173003,0.066434,0.020345,0.008387,0.031363999999999996,0.028012000000000002,0.025268000000000002,0.004613,0.007239,0.005716,2
0.475454,0.14371199999999998,0.007281999999999999,0.282356,0.370015,0.02248,0.004353,0.004488000000000001,0.037757,0.051253,0.012581,0.006022,0.00609,0.012771,0.004947,0.004359,0.005148,0.004854,0.0036630000000000005,0.010425,0
0.393752,0.118442,0.232789,0.17255399999999999,0.24435,0.040236,0.132929,0.04704,0.014987,0.006241,0.013521,0.006291,0.016674,0.003188,0.003385,0.018397,0.098628,0.125636,0.030195,0.005492,4
0.684808,0.21124099999999998,0.302838,0.011951,0.468898,0.04312,0.022928,0.013353,0.073575,0.027502,0.0077670000000000005,0.007523,0.01823,0.034214999999999995,0.242179,0.05584600000000001,0.020588,0.011747,0.009123000000000001,0.021703999999999998,5
0.360838,0.459244,0.012259,0.324515,0.5005649999999999,0.032531,0.219563,0.011608,0.021884999999999998,0.049307,0.021613,0.008938,0.004207,0.009858,0.055013,0.37854299999999996,0.219094,0.092195,0.015883,0.009544,3
0.494746,0.151293,0.219779,0.293115,0.330833,0.011284,0.0036299999999999995,0.002321,0.007975,0.082758,0.026068,0.009533,0.008171,0.0044469999999999996,0.003438,0.01234,0.003133,0.007972,0.0036200000000000004,0.003897,0
0.17413399999999998,0.227282,0.161132,0.220156,0.17663900000000002,0.079402,0.143576,0.05366,0.01425,0.008662999999999999,0.006513,0.010026,0.00826,0.003336,0.004586,0.03934,0.03373,0.01825,0.00479,0.004343,4
0.227242,0.049162,0.14368399999999998,0.214522,0.216088,0.085775,0.013562000000000001,0.019407,0.051851999999999995,0.077421,0.037688,0.020558,0.018734,0.010745000000000001,0.012246,0.012968,0.009956999999999999,0.01218,0.008309,0.013954,0
0.230925,0.013529,0.14386300000000002,0.016692,0.262359,0.09908,0.026641,0.024701,0.058688,0.11081300000000001,0.065727,0.039777,0.034568,0.020849,0.017372,0.023992,0.016308,0.014975,0.011193,0.020327,0
0.5324949999999999,0.165948,0.005482,0.24287399999999998,0.284124,0.077356,0.026662,0.008962000000000001,0.020457,0.052532,0.09873,0.082207,0.06288200000000001,0.021383000000000003,0.015597999999999999,0.0073290000000000004,0.014591999999999999,0.017912,0.008535,0.009601,2
0.360277,0.449874,0.011565,0.022971000000000002,0.284825,0.048856000000000004,0.070062,0.022972,0.027733999999999998,0.023707,0.015078,0.011276999999999999,0.015842,0.017261000000000002,0.038285,0.09222000000000001,0.062469000000000004,0.044233,0.022935,0.020600999999999998,1
0.320287,0.40966899999999995,0.017622,0.28641,0.332436,0.05128099999999999,0.023514,0.033178,0.026797,0.013680000000000001,0.007981,0.018007,0.07332999999999999,0.105426,0.103277,0.02383,0.019587,0.017339,0.013828,0.01236,5
0.264176,0.33269,0.237623,0.319721,0.430962,0.24944299999999997,0.064631,0.003975,0.007089,0.050960000000000005,0.37798200000000004,0.262546,0.156128,0.021808,0.014842,0.004899000000000001,0.062104999999999994,0.08589400000000001,0.004626,0.018234999999999998,2
0.22862800000000003,0.295482,0.20980500000000002,0.017843,0.303262,0.07162,0.011983,0.022294,0.12020399999999999,0.135055,0.060490999999999996,0.031967,0.023109,0.016426,0.017121,0.018866,0.01323,0.009836,0.007814,0.028814999999999997,2
0.661921,0.026452,0.09411,0.291254,0.521296,0.083338,0.024343,0.05732,0.026444,0.0166,0.00946,0.021908,0.05605,0.12010699999999999,0.12287000000000001,0.023918000000000002,0.016286000000000002,0.018854,0.019987,0.007923999999999999,5
0.5260060000000001,0.156771,0.308756,0.231834,0.339025,0.034782,0.012389,0.002442,0.004961,0.025183,0.072524,0.032711000000000004,0.010485,0.005004,0.009307,0.003646,0.011109,0.003757,0.0033710000000000003,0.002878,2
0.493079,0.144347,0.21659,0.292172,0.336568,0.02829,0.009184000000000001,0.007166,0.032751999999999996,0.145977,0.049597,0.019609,0.021,0.010315000000000001,0.010177,0.026099,0.006207,0.018796,0.007098999999999999,0.00938,0
0.190523,0.24748299999999998,0.171974,0.23760900000000001,0.242394,0.190512,0.191768,0.165464,0.080832,0.02299,0.017208,0.018258,0.031405,0.010018,0.009454,0.022191,0.069579,0.130996,0.045949000000000004,0.018506,4
0.396667,0.505034,0.012385,0.358005,0.561547,0.029939999999999998,0.25755100000000003,0.088808,0.011818,0.013462,0.096288,0.015699,0.022205000000000003,0.004357,0.012799,0.077123,0.278923,0.378035,0.126363,0.046711,1
0.174112,0.23744,0.166821,0.22135500000000002,0.22921799999999998,0.267808,0.563627,0.20775500000000002,0.080305,0.074896,0.045763,0.06868300000000001,0.047736,0.033747000000000006,0.042824,0.170657,0.252334,0.23339200000000002,0.075642,0.050308,4
0.38322,0.49233999999999994,0.342658,0.0064150000000000006,0.542775,0.009715999999999999,0.150595,0.03282,0.00539,0.020658000000000003,0.025118,0.022228,0.0059240000000000004,0.0043289999999999995,0.0071319999999999995,0.06954500000000001,0.15762400000000001,0.119775,0.047056,0.024621,1
0.525568,0.15576800000000002,0.308845,0.23175700000000002,0.35288200000000003,0.019201,0.011823,0.002558,0.004298,0.024124,0.089423,0.018553,0.008211,0.0072829999999999995,0.010853,0.0035,0.012078,0.003664,0.008440000000000001,0.0037340000000000003,2
0.41720799999999997,0.51958,0.0067079999999999996,0.022581999999999998,0.600017,0.040449,0.041002,0.060211,0.024832,0.0084,0.025330000000000002,0.027993999999999998,0.010359,0.004181,0.004033,0.010193,0.039171,0.12094500000000001,0.085421,0.06238,1
0.39923200000000003,0.516474,0.006923,0.363219,0.568992,0.023374000000000002,0.042687,0.029814,0.005906000000000001,0.0038979999999999996,0.01934,0.006144,0.017447,0.0034869999999999996,0.005156,0.014763,0.046269,0.109662,0.043059,0.028464999999999997,1
0.193141,0.250291,0.177267,0.24200700000000003,0.252272,0.194102,0.180747,0.193031,0.139547,0.088049,0.055026,0.031928,0.07205399999999999,0.036831,0.03839,0.022228,0.062225,0.152327,0.087535,0.061739999999999996,4
0.22793899999999997,0.304144,0.001842,0.209945,0.370657,0.059676,0.010601000000000001,0.020365,0.079838,0.115397,0.054933,0.022618,0.014606000000000001,0.009812000000000001,0.01031,0.009189,0.005113,0.005413,0.003457,0.010118,0
0.534906,0.163439,0.31904899999999997,0.237469,0.363675,0.09345099999999999,0.01729,0.001913,0.0037119999999999996,0.016659999999999998,0.25090999999999997,0.111278,0.037637000000000004,0.003795,0.0036869999999999997,0.002168,0.019722999999999997,0.021041,0.00218,0.008162,2
0.381484,0.48435900000000004,0.346242,0.006227,0.545197,0.0076159999999999995,0.069499,0.017315,0.003669,0.016309999999999998,0.008522,0.009132,0.00485,0.003117,0.00554,0.04651,0.072423,0.057343,0.023976,0.010389,3
0.247086,0.31839,0.011811,0.22554899999999997,0.395342,0.11002999999999999,0.018747999999999997,0.009274,0.014471000000000001,0.10950499999999999,0.133597,0.070966,0.018708000000000002,0.012109,0.013179,0.020354,0.013813999999999998,0.009943,0.005633,0.005914,0
0.417072,0.529958,0.006229,0.380085,0.598913,0.06677999999999999,0.07811599999999999,0.20759,0.055917999999999995,0.007170999999999999,0.030789999999999998,0.086287,0.016779,0.022601,0.005606,0.020044,0.07924400000000001,0.339486,0.325468,0.196599,1
0.382006,0.493457,0.007537,0.34685,0.549614,0.034134,0.23473899999999998,0.023102,0.009132,0.018844,0.037085,0.015569999999999999,0.00627,0.003721,0.009082999999999999,0.097058,0.249398,0.166722,0.032007,0.020692,3
0.53289,0.15303599999999998,0.313552,0.232267,0.34558,0.06241699999999999,0.051836,0.011857,0.02084,0.061926,0.23042600000000002,0.09282,0.021344,0.015916999999999997,0.025843,0.009567,0.042896,0.014574,0.014303999999999999,0.008902,2
0.194614,0.2517,0.181476,0.242912,0.257209,0.14271199999999998,0.080086,0.16074000000000002,0.088128,0.023362,0.012409,0.004217,0.032897,0.010531,0.012819999999999998,0.003739,0.027579000000000003,0.137876,0.079786,0.025533,4
0.24534499999999998,0.316619,0.225608,0.30158,0.337316,0.021449,0.009237,0.00303,0.004852,0.058954,0.045389,0.019452,0.005251,0.0032700000000000003,0.010595,0.013094,0.008449,0.004444,0.003964,0.004452,0
0.7191810000000001,0.223532,0.017667,0.318701,0.392741,0.018279,0.021842,0.005297,0.03052,0.011405,0.010386,0.004132,0.007897,0.009516,0.027542,0.036065,0.018187000000000002,0.010487999999999999,0.005907,0.006562,5
0.37657399999999996,0.11033299999999999,0.22535300000000003,0.166052,0.24394699999999997,0.035038,0.142057,0.027237,0.011493999999999999,0.01942,0.004364,0.012064,0.005272,0.004157,0.004334,0.087437,0.10207999999999999,0.051254999999999995,0.00793,0.003907,4
0.6633680000000001,0.20210799999999998,0.39105,0.380722,0.371191,0.028911000000000003,0.019992,0.075127,0.038629000000000004,0.020744,0.006222,0.010820999999999999,0.039027,0.13833,0.214979,0.024582,0.012799,0.019944,0.027139,0.016766999999999997,5
0.172942,0.226631,0.164678,0.22018200000000002,0.239024,0.137646,0.27414299999999997,0.098356,0.046143,0.035133,0.019706,0.053789,0.022849,0.0072,0.012053,0.155774,0.101425,0.048484,0.008877,0.011747,4
0.47396400000000005,0.601434,0.06712699999999999,0.209779,0.311811,0.011029,0.0036200000000000004,0.004993,0.051663,0.052863,0.011358,0.006612000000000001,0.00611,0.013438999999999998,0.004257,0.004369,0.00504,0.006116,0.004063000000000001,0.012274,2
0.5104850000000001,0.284559,0.30402399999999996,0.072517,0.229332,0.078053,0.037306,0.022837,0.047869999999999996,0.14519200000000002,0.115927,0.043386,0.026535000000000003,0.018896,0.046541,0.017869,0.013681,0.010508,0.016663,0.038348,2
0.28138,0.357696,0.254701,0.341483,0.396446,0.113746,0.060937,0.012721,0.00117,0.002778,0.015369999999999998,0.19099100000000002,0.18903599999999998,0.042341000000000004,0.0049039999999999995,0.009290000000000001,0.001558,0.002072,0.020761,0.0035909999999999996,2
0.267289,0.341625,0.242878,0.320614,0.355767,0.249766,0.032115,0.013143,0.010903,0.027685,0.232436,0.31914899999999996,0.189782,0.034414,0.030925,0.009173,0.014333000000000002,0.05512,0.015926,0.031758999999999996,0
0.43389099999999997,0.13076,0.19271300000000002,0.006379999999999999,0.275336,0.032685000000000006,0.006385,0.049172,0.03977,0.016808,0.009285,0.010496,0.007220999999999999,0.017541,0.012229,0.004873,0.0040479999999999995,0.013784000000000001,0.040705,0.048492,2
0.228908,0.07033500000000001,0.023504,0.138516,0.239648,0.297247,0.056861,0.065328,0.155352,0.189723,0.14269300000000001,0.091191,0.051032,0.034770999999999996,0.035364,0.029463999999999997,0.021625,0.027035000000000003,0.021202000000000002,0.044808999999999995,0
0.191181,0.24771500000000002,0.006788,0.176595,0.19708499999999998,0.154848,0.180239,0.11283599999999999,0.091748,0.066102,0.03993,0.025664,0.040592,0.016151,0.017661000000000003,0.039094,0.070413,0.090613,0.046758,0.028681,4
0.319862,0.402559,0.006492,0.286983,0.448096,0.034692,0.010548,0.043479000000000004,0.011628,0.006846,0.003994,0.009507,0.056088,0.115427,0.10086200000000001,0.015333000000000001,0.0081,0.008065000000000001,0.011138,0.007051000000000001,5
0.360088,0.460525,0.012167,0.314686,0.330762,0.105378,0.22875,0.069114,0.05264,0.06129400000000001,0.069158,0.045504,0.066727,0.062476,0.165735,0.287508,0.21311300000000002,0.145403,0.076488,0.052423000000000004,1
0.319796,0.404384,0.287443,0.384916,0.441007,0.008337,0.004044,0.046381,0.00614,0.005092,0.001224,0.003982,0.024894,0.114077,0.098493,0.006249,0.0035009999999999998,0.00543,0.010305,0.0021920000000000004,5
0.41405600000000004,0.526771,0.370476,0.495751,0.633536,0.006062,0.020887,0.06781799999999999,0.004981,0.00316,0.014022999999999999,0.020408000000000003,0.012065000000000001,0.0027670000000000004,0.003979,0.004536999999999999,0.020612000000000002,0.17694300000000002,0.09719900000000001,0.040884,1
0.322856,0.09572699999999999,0.194448,0.023112,0.148171,0.040269,0.038847,0.022573,0.019008,0.017871,0.011755,0.013486000000000001,0.015813999999999998,0.032293,0.069211,0.012975,0.00948,0.020009,0.009538,0.009699,4
0.262129,0.332364,0.23684499999999997,0.314902,0.36175100000000004,0.270692,0.072538,0.004499,0.008834999999999999,0.08926100000000001,0.42763,0.27905599999999997,0.139532,0.020641,0.012956,0.006468000000000001,0.076422,0.06004299999999999,0.009424,0.022778,2
0.24685300000000002,0.318226,0.22632199999999997,0.37997,0.306433,0.042774,0.009417,0.003435,0.005681,0.052092999999999993,0.069202,0.036614999999999995,0.006759,0.005228,0.005949,0.007481,0.007534000000000001,0.004636,0.0046700000000000005,0.004493,0
0.304938,0.388912,0.370425,0.275293,0.436697,0.012657999999999999,0.007247,0.012286,0.006934999999999999,0.002146,0.003622,0.011995,0.103031,0.0993,0.080309,0.004176,0.0043100000000000005,0.013974,0.00253,0.004381,5
0.376315,0.10910999999999998,0.22587600000000002,0.166141,0.245148,0.10298099999999999,0.5112140000000001,0.08798099999999999,0.04324,0.07054099999999999,0.022699,0.055501999999999996,0.033024,0.026355,0.018493,0.328151,0.37819899999999995,0.191403,0.037159,0.020328,4
0.316924,0.40116999999999997,0.285683,0.384394,0.628763,0.0042829999999999995,0.002428,0.021648,0.003125,0.0020050000000000003,0.001964,0.0033979999999999995,0.021997,0.085289,0.07858,0.0039380000000000005,0.003092,0.003311,0.00614,0.003912,5
0.393129,0.118655,0.172561,0.23219099999999998,0.19446300000000002,0.100649,0.24112399999999998,0.09412899999999999,0.043394999999999996,0.023452,0.018134,0.021256999999999998,0.048969,0.011028,0.011187,0.041492,0.147585,0.17332899999999998,0.046114999999999996,0.015366,4
0.573533,0.176032,0.254344,0.341317,0.37959699999999996,0.07785399999999999,0.122055,0.016357,0.004235,0.00527,0.017244,0.20059200000000002,0.132648,0.0286,0.00806,0.014465,0.005853,0.007606999999999999,0.0251,0.006654,2
0.212375,0.282788,0.20554499999999998,0.028497,0.172756,0.13460999999999998,0.05874600000000001,0.08837300000000001,0.19952,0.13442,0.06652000000000001,0.037601,0.050994,0.028281,0.026581999999999998,0.012844,0.023175,0.030711000000000002,0.036083,0.078398,0
0.283814,0.342524,0.018111000000000002,0.034119,0.196226,0.10658699999999999,0.046075,0.029887999999999998,0.020288,0.035026,0.065845,0.094026,0.10861400000000002,0.048394,0.026869,0.021005000000000003,0.025453,0.036495,0.024534,0.016676,0
0.778151,0.235577,0.007286,0.345996,0.64408,0.018315,0.079251,0.009831,0.00573,0.022977,0.013258,0.011170000000000001,0.005577,0.0053939999999999995,0.008908,0.057125999999999996,0.083246,0.038087,0.013428,0.008620000000000001,1
0.299935,0.37848000000000004,0.27066999999999997,0.022007,0.34176799999999996,0.115255,0.058523,0.044902,0.0303,0.010702,0.025663,0.10594,0.43206700000000003,0.23957199999999998,0.130662,0.019785,0.013743,0.023742,0.011493000000000001,0.036111000000000004,5
0.24861999999999998,0.31855300000000003,0.22175599999999998,0.236704,0.255552,0.318311,0.082873,0.025158,0.069618,0.2934,0.367383,0.28739699999999996,0.1729,0.053,0.062833,0.085631,0.060240999999999996,0.06780499999999999,0.033152,0.028364,2
0.436433,0.54415,0.192726,0.057356,0.278317,0.038363,0.023112999999999998,0.163253,0.12467400000000001,0.0289,0.019406,0.050863,0.010723,0.029919,0.020117,0.007490000000000001,0.008546,0.041260000000000005,0.186372,0.254324,4
0.19050999999999998,0.38992,0.111774,0.127093,0.181241,0.33245399999999997,0.283852,0.282114,0.17858,0.113225,0.079325,0.075029,0.073533,0.056536,0.053541,0.053063,0.078998,0.118084,0.100875,0.082107,4
0.544026,0.16505999999999998,0.23886,0.319938,0.36752199999999996,0.030274000000000002,0.012106,0.00274,0.0030989999999999998,0.006661,0.11126099999999998,0.052368,0.019261,0.004145,0.006065,0.003011,0.010047,0.02855,0.003382,0.009641,2
0.20856,0.23734699999999997,0.006631000000000001,0.040069,0.166704,0.17763800000000002,0.16786900000000002,0.101017,0.10237,0.089757,0.066101,0.06430599999999999,0.064756,0.031365,0.044831,0.094448,0.10541700000000001,0.114542,0.06489,0.054577,4
0.662097,0.20080599999999998,0.390284,0.29207,0.454222,0.007548999999999999,0.0036490000000000003,0.036144,0.005603,0.0070799999999999995,0.002297,0.003408,0.01292,0.077106,0.09389700000000001,0.006964,0.003664,0.005645000000000001,0.011842,0.00421,5
0.777756,0.235607,0.003372,0.341381,0.552962,0.012027,0.098118,0.009944,0.005886,0.037736,0.020166,0.016901,0.00528,0.0032689999999999998,0.007712999999999999,0.082755,0.101088,0.038796,0.014437,0.009058,1
0.247998,0.317273,0.225888,0.374718,0.338527,0.044682,0.009706000000000001,0.003599,0.009466,0.056915999999999994,0.06129400000000001,0.040289,0.017015,0.0046429999999999996,0.008256,0.012027,0.009366,0.007638,0.004188,0.004668,0
0.380748,0.48493100000000006,0.011972,0.033208999999999995,0.307751,0.033237,0.119824,0.018706,0.009658,0.02352,0.015436000000000002,0.014161000000000002,0.009207,0.0054789999999999995,0.011752,0.06915,0.120278,0.081237,0.022805000000000002,0.014537000000000001,3
0.005362,0.036914999999999996,0.127141,0.09993400000000001,0.187539,0.057498,0.046830000000000004,0.033982,0.028272000000000002,0.024343,0.025103999999999998,0.019659,0.021812,0.008465,0.020762,0.027843,0.052212,0.061610000000000005,0.043735,0.048519,1
0.189103,0.246432,0.176285,0.232012,0.237008,0.20548000000000002,0.293086,0.18348499999999998,0.08237799999999999,0.028991000000000003,0.016196000000000002,0.016444,0.053397,0.011141,0.011295,0.032562,0.128146,0.18312,0.06262899999999999,0.015086000000000002,4
0.225532,0.292621,0.277392,0.204782,0.31174,0.014884999999999999,0.002252,0.008998,0.11695499999999999,0.092601,0.028188,0.005327,0.007343000000000001,0.0040420000000000005,0.008878,0.0016870000000000001,0.003894,0.0022140000000000003,0.00283,0.016333,2
0.34441,0.447014,0.314202,0.011913,0.48681499999999994,0.022868,0.057338,0.015747,0.030732,0.017111,0.013721,0.009428,0.023721000000000003,0.027399,0.08164,0.097073,0.056675,0.044889,0.020411000000000002,0.013688999999999998,1
0.24713400000000002,0.320623,0.013078999999999999,0.22625,0.253643,0.061444000000000006,0.013165999999999999,0.007984,0.011606,0.050417000000000003,0.070395,0.043754,0.010135,0.009718000000000001,0.012665000000000001,0.007670000000000001,0.008071,0.006502,0.005688,0.00635,2
0.401731,0.1213,0.237623,0.18123599999999998,0.256949,0.105316,0.181063,0.21001399999999998,0.069523,0.032586000000000004,0.042986,0.007415000000000001,0.043388,0.013654,0.018798,0.015267,0.13368,0.332271,0.185277,0.062966,4
0.205294,0.261419,0.253222,0.187304,0.278474,0.064962,0.022044,0.084203,0.06462899999999999,0.023247,0.009233,0.019902,0.0076170000000000005,0.012966,0.006179,0.004287,0.006895999999999999,0.024886000000000002,0.053434,0.031343,0
0.552575,0.16936099999999998,0.325707,0.24339699999999997,0.37258,0.125478,0.043003,0.011238,0.010598,0.01828,0.098006,0.219121,0.137491,0.028801999999999998,0.021375,0.012124,0.009712,0.03452,0.009918999999999999,0.012138,2
0.815813,0.24921,0.357722,0.47916499999999995,0.412724,0.008804000000000001,0.06286900000000001,0.02025,0.005811,0.0058969999999999995,0.07121,0.010777,0.015074,0.004056000000000001,0.005324000000000001,0.008879000000000001,0.078065,0.130225,0.028835000000000003,0.012937,3
0.74198,0.225746,0.012496,0.330111,0.601584,0.026216000000000003,0.024059999999999998,0.006207,0.008719,0.059341,0.005959000000000001,0.005581,0.006697,0.004924,0.010457,0.09046599999999999,0.022604,0.013591999999999998,0.00687,0.0065049999999999995,1
0.69612,0.213581,0.0023469999999999997,0.30383699999999997,0.397301,0.024852000000000003,0.027163,0.013026,0.068272,0.015513999999999998,0.008069,0.006044,0.011696,0.021369,0.159911,0.051609,0.023122999999999998,0.017711,0.010359,0.015849000000000002,5
0.264851,0.338683,0.23813299999999998,0.31939,0.363782,0.091593,0.018252,0.0021100000000000003,0.00225,0.012969999999999999,0.13661199999999998,0.100134,0.057918,0.006933,0.006975,0.002052,0.019378,0.034863,0.002778,0.018432,2
0.261322,0.331737,0.236985,0.006714,0.352383,0.33333,0.10818699999999999,0.017963999999999997,0.044467,0.158288,0.48146300000000003,0.35904899999999995,0.13833499999999999,0.06329299999999999,0.047338,0.015057,0.08783200000000001,0.07538500000000001,0.023257,0.031047,0
0.250756,0.328468,0.006867,0.236627,0.277594,0.063527,0.012931,0.0068590000000000005,0.014713999999999998,0.032291,0.073754,0.050960000000000005,0.025814,0.011411,0.011436,0.007398999999999999,0.009581000000000001,0.008797,0.004514,0.005634,0
0.24868200000000001,0.321631,0.22739299999999998,0.308388,0.584522,0.039923,0.013434999999999999,0.004101,0.008947,0.033405000000000004,0.06089,0.037047000000000004,0.015175999999999999,0.005424,0.009198999999999999,0.009382,0.013966,0.0076939999999999995,0.0064849999999999994,0.008938,0
0.288505,0.36832,0.263757,0.351732,0.399972,0.028281,0.030156,0.003515,0.002525,0.001916,0.002541,0.03657,0.117204,0.043146,0.010698000000000001,0.002507,0.004327,0.002332,0.003967,0.01261,5
0.378744,0.024156,0.221067,0.341738,0.298992,0.054411,0.10849400000000001,0.047279,0.033943,0.038741000000000005,0.01951,0.019271,0.027287,0.02893,0.051304999999999996,0.11411400000000001,0.1114,0.10516600000000001,0.059395,0.054553,1
0.545166,0.165234,0.320108,0.23799099999999998,0.287914,0.109727,0.031362,0.007069,0.009151000000000001,0.026951,0.16707,0.126021,0.062333000000000006,0.009519,0.013775,0.007373,0.018136000000000003,0.029657999999999997,0.006046,0.011019,2
0.382304,0.117274,0.171132,0.22705300000000003,0.244189,0.055514,0.157441,0.046768000000000004,0.020505000000000002,0.012152,0.005761,0.021697,0.019082,0.0069819999999999995,0.005136,0.037957,0.08834299999999999,0.071453,0.013827,0.007067,4
0.229553,0.295645,0.012232,0.15401800000000002,0.153453,0.082708,0.023059,0.035291,0.070937,0.10563299999999999,0.07397000000000001,0.033837,0.022181,0.013506,0.014939,0.011821,0.007501000000000001,0.012264,0.014318,0.02279,2
0.435644,0.13171300000000002,0.188351,0.252996,0.271012,0.087851,0.053714,0.14763099999999998,0.139252,0.072992,0.038648,0.033208999999999995,0.023341999999999998,0.033466,0.026456,0.009215000000000001,0.018772999999999998,0.070886,0.12228,0.143531,0
0.280539,0.352248,0.017763,0.24887800000000002,0.369125,0.066861,0.02364,0.008607,0.004893,0.008794,0.030412,0.077774,0.065486,0.017566,0.008594,0.009266,0.005542,0.010504000000000001,0.010978,0.004862,2
0.513993,0.15556099999999998,0.307965,0.227091,0.4056,0.038026,0.01048,0.0021550000000000002,0.008,0.073262,0.108694,0.033594,0.014622999999999999,0.006822,0.023479,0.0067150000000000005,0.010471,0.004686,0.006069,0.004911,2
0.318205,0.09471900000000001,0.139475,0.188005,0.18291500000000002,0.031601,0.036088,0.020619,0.011278,0.017616,0.007539,0.006398,0.026172000000000004,0.062153,0.069704,0.0066359999999999995,0.007215000000000001,0.009222,0.003025,0.0053950000000000005,4
0.207184,0.258689,0.012304,0.182727,0.20725100000000002,0.216788,0.140471,0.200104,0.144474,0.097898,0.052321000000000006,0.044218,0.049517,0.040633999999999997,0.025196,0.03244,0.055785,0.131234,0.11771300000000001,0.077681,4
0.49421899999999996,0.15179700000000002,0.29320799999999997,0.220322,0.333433,0.014143000000000001,0.005628,0.0026420000000000003,0.010482,0.076762,0.028374,0.01031,0.006665000000000001,0.005778,0.0060420000000000005,0.009594,0.005023,0.004745,0.00299,0.00391,2
0.24269699999999997,0.30754899999999996,0.21985500000000002,0.0052439999999999995,0.32492,0.027937,0.00535,0.00413,0.018159,0.085883,0.051187,0.021691,0.007487000000000001,0.004972,0.004808,0.012503,0.004183,0.0068579999999999995,0.004536999999999999,0.00519,0
0.319651,0.40116999999999997,0.28160100000000005,0.005699,0.36962399999999995,0.072013,0.032475,0.13715,0.06035599999999999,0.02306,0.010197,0.043786,0.277897,0.46017700000000006,0.387313,0.054449000000000004,0.022315,0.051841,0.037232,0.024513999999999998,5
0.32097600000000004,0.411739,0.006106,0.29178899999999997,0.36392399999999997,0.04244,0.015112,0.024484,0.013675,0.011518,0.005438,0.016078,0.045364,0.11014000000000002,0.15632000000000001,0.02315,0.012393000000000001,0.009636,0.011764,0.00825,5
0.810025,0.24637199999999998,0.35749200000000003,0.011857,0.45657299999999995,0.012808000000000002,0.081299,0.017086,0.002752,0.004849,0.037478,0.0035590000000000005,0.008227,0.0015400000000000001,0.002624,0.017055,0.09427200000000001,0.086969,0.022992,0.00728,1
0.21101999999999999,0.27412600000000004,0.198121,0.264011,0.29191,0.33284600000000003,0.043229000000000004,0.325855,0.702433,0.36843000000000004,0.074273,0.027077999999999998,0.03685,0.024957,0.120172,0.02299,0.01139,0.022136000000000003,0.126366,0.350248,4
0.24983899999999998,0.32174,0.23243200000000003,0.308719,0.347076,0.223716,0.038968,0.005338,0.019124000000000002,0.14475,0.310243,0.213196,0.08164099999999999,0.012440000000000001,0.013822,0.008962000000000001,0.038248000000000004,0.013844,0.009245999999999999,0.005155,2
0.720102,0.222861,0.318858,0.423965,0.539284,0.016031999999999998,0.037807,0.004759,0.040808,0.018312000000000002,0.015546,0.003134,0.006886,0.009838,0.047852,0.084738,0.037739,0.016212,0.005756,0.006996,1
0.23174899999999998,0.303299,0.214626,0.28672800000000004,0.318223,0.024361,0.004143,0.004259000000000001,0.046823000000000004,0.155167,0.060711,0.013603,0.01155,0.023859,0.0032359999999999997,0.01505,0.005123,0.00532,0.0033740000000000003,0.005392,2
0.475893,0.144401,0.283042,0.210646,0.320182,0.016034,0.003186,0.004483,0.075625,0.138595,0.044769,0.010541,0.007981,0.019022,0.0033520000000000004,0.005531,0.009548000000000001,0.004305,0.0027489999999999997,0.009036,2
0.681476,0.212023,0.002589,0.39741,0.543986,0.032994,0.017472,0.019943000000000002,0.052541,0.012813999999999999,0.003831,0.006975,0.020397,0.040070999999999996,0.160413,0.038137,0.015716,0.009505,0.008143000000000001,0.018616999999999998,5
0.174073,0.233779,0.166043,0.220921,0.23580399999999999,0.158934,0.359125,0.10933699999999999,0.052493,0.041502,0.019497,0.051988,0.031443,0.013203999999999999,0.01256,0.178645,0.165522,0.083637,0.018792,0.013132,4
0.364521,0.469704,0.33070700000000003,0.006007,0.51898,0.022872999999999998,0.10875,0.010707,0.009536,0.062238,0.012768999999999999,0.015614,0.0074540000000000006,0.0066170000000000005,0.019288999999999997,0.185079,0.10785499999999999,0.03992,0.013897999999999999,0.008831,3
0.001342,0.025596999999999998,0.094942,0.19313,0.264899,0.056451,0.010545,0.017213,0.010013,0.006899,0.005275,0.011023999999999999,0.023583,0.0374,0.053473,0.016737000000000002,0.006534000000000001,0.006996,0.006297,0.006568000000000001,5
0.211577,0.28292399999999995,0.199027,0.01253,0.23734,0.068527,0.027481000000000002,0.048237,0.084589,0.059535000000000005,0.033897000000000004,0.024008,0.017936,0.012023,0.017612,0.010129,0.009765000000000001,0.015179,0.027056,0.044644,0
0.263347,0.31937,0.23225300000000001,0.007098999999999999,0.33774299999999996,0.191728,0.050125,0.010037,0.02984,0.11636099999999999,0.20188399999999998,0.17105399999999998,0.119503,0.034852,0.02001,0.021037,0.041669,0.023749,0.014924000000000002,0.009975,0
0.245797,0.307303,0.006232,0.292618,0.320538,0.095984,0.012551,0.016584,0.052777,0.129012,0.07153,0.055539,0.043577,0.019891,0.015018,0.020383000000000002,0.007669,0.01196,0.004822,0.00692,0
0.243017,0.307303,0.22000799999999998,0.293383,0.383694,0.086377,0.013638999999999998,0.015488,0.06143200000000001,0.255998,0.118953,0.05661,0.024946,0.01629,0.018571,0.035605,0.011079,0.015062,0.007882,0.007361,2
0.244679,0.307712,0.216335,0.291636,0.322783,0.080346,0.008184,0.011337999999999999,0.043858999999999995,0.155501,0.10375999999999999,0.057534,0.029466000000000003,0.017366999999999997,0.008071,0.025904000000000003,0.006881,0.016918,0.007025,0.007370999999999999,2
0.281538,0.355599,0.012036,0.022435,0.313094,0.16835899999999998,0.070285,0.018131,0.008506999999999999,0.016399,0.049891000000000005,0.21206999999999998,0.20918499999999998,0.057122000000000006,0.025192,0.012126999999999999,0.009488,0.015756,0.018876,0.014457,5
0.250339,0.317872,0.226615,0.30401500000000004,0.336781,0.275006,0.099255,0.020819999999999998,0.055566,0.249676,0.28283400000000003,0.20559899999999998,0.112294,0.03826,0.04527,0.08126,0.09028,0.027063,0.027183999999999996,0.021117,0
