Att1,Att2,Att3,Att4,Att5,Att6,Att7,Att8,Att9,Att10,Att11,Att12,Att13,Att14,Att15,Att16,Att17,Att18,Att19,Att20,Att21,Att22,Att23,Att24,Att25,Att26,Att27,Att28,Att29,Att30,Att31,Att32,Att33,label
0.414639,0.520015,0.012751,0.368318,0.038507,0.05504,0.331367,0.034909,0.031808,0.019347,0.038936,0.016366,0.045114,0.009371,0.007906,0.02605,0.033928,0.009666,0.005143,0.012416,0.009426,0.016455,0.00349,0.004748,0.006856,0.009106,0.023019,0.094217,0.044755,0.028505,0.01208,0.011823,0.011114,1
0.475893,0.142729,0.21548,0.287264,0.005651,0.423789,0.375073,0.039337,0.057185,0.047745,0.019929,0.182228,0.034696,0.125202,0.02095,0.009455,0.018678,0.112335,0.178835,0.052142,0.02906,0.021735,0.019129,0.008388,0.033135,0.01915,0.012313,0.010489,0.006943,0.0315,0.116911,0.303989,0.235196,0
0.565246,0.166386,0.248528,0.007333,0.323715,0.493255,0.443322,0.019372,0.039323,0.018376,0.010299,0.010902,0.07398,0.010342,0.008333,0.022127,0.011359,0.004196,0.007558,0.020844,0.07869,0.027779,0.007799,0.006318,0.005002,0.005544,0.003571,0.019975,0.015833,0.004319,0.007585,0.006858,0.008282,0
0.734614,0.224398,0.324266,0.017671,0.424825,0.530617,0.496183,0.034993,0.02698,0.046355,0.023125,0.062054,0.018037,0.014755,0.084375,0.045778,0.009105,0.027493,0.031404,0.015256,0.006415,0.007767,0.009196,0.034413,0.145087,0.088161,0.042038,0.021647,0.010166,0.011636,0.011378,0.022908,0.01129,1
0.185884,0.214022,0.028376,0.110881,0.167876,0.228342,0.152841,0.144329,0.134458,0.066013,0.095787,0.046743,0.040518,0.026982,0.056695,0.137978,0.075678,0.035907,0.01366,0.014551,0.017222,0.023428,0.01213,0.021335,0.035035,0.023319,0.032828,0.029983,0.011612,0.008744,0.009223,0.013489,0.015121,4
0.741585,0.226209,0.007353,0.329359,0.430289,0.541323,0.514457,0.02672,0.020606,0.026909,0.012084,0.043304,0.010521,0.005569,0.035712,0.040546,0.005709,0.009536,0.038436,0.00548,0.005425,0.005219,0.004641,0.012537,0.056816,0.087545,0.040994,0.024939,0.007926,0.004454,0.004692,0.011713,0.006635,1
0.192816,0.24845,0.177165,0.242275,0.017132,0.293805,0.245554,0.207514,0.211424,0.083269,0.189268,0.117662,0.125026,0.039614,0.047225,0.217802,0.184145,0.130792,0.073539,0.045509,0.034845,0.067344,0.023325,0.024785,0.021196,0.038867,0.093524,0.178389,0.088396,0.062462,0.039222,0.027208,0.031191,4
0.508732,0.145747,0.303463,0.221265,0.006421,0.449881,0.401255,0.019295,0.054476,0.066626,0.007468,0.221971,0.045551,0.040728,0.073459,0.01193,0.005573,0.029971,0.241731,0.140073,0.040914,0.021091,0.007851,0.063108,0.0068,0.028502,0.010679,0.00748,0.005554,0.007762,0.010731,0.080227,0.362213,2
0.39672,0.11848,0.176298,0.236283,0.290481,0.351499,0.257868,0.137082,0.137007,0.009873,0.148014,0.016856,0.07587,0.004657,0.0094,0.220586,0.144263,0.049254,0.017294,0.022101,0.008218,0.044824,0.00551,0.008823,0.004277,0.013977,0.121931,0.210668,0.068793,0.009713,0.008505,0.009224,0.029684,4
0.284366,0.024663,0.1714,0.258376,0.334293,0.412682,0.375964,0.110431,0.148653,0.095228,0.076967,0.08239,0.124129,0.074553,0.042886,0.069917,0.035102,0.02775,0.041842,0.066059,0.125213,0.13572,0.051119,0.049476,0.042,0.030095,0.026296,0.032931,0.032045,0.023478,0.025815,0.02416,0.030134,0
0.24969,0.321659,0.230531,0.308477,0.377757,0.006522,0.343549,0.009197,0.103159,0.100178,0.004014,0.082089,0.102312,0.007098,0.062002,0.0337,0.001692,0.006707,0.082401,0.174735,0.092949,0.028079,0.008749,0.013961,0.004387,0.010449,0.033863,0.006116,0.008494,0.005718,0.002222,0.008665,0.061748,2
0.49137,0.152118,0.589884,0.292516,0.211277,0.611755,0.589758,0.004831,0.01026,0.014788,0.003682,0.056084,0.009477,0.026408,0.00596,0.004398,0.003056,0.010165,0.054778,0.018401,0.009053,0.009875,0.005366,0.004656,0.008548,0.007988,0.004862,0.009573,0.005103,0.00852,0.013541,0.064666,0.095199,0
0.736675,0.223973,0.324942,0.434406,0.000727,0.536064,0.513032,0.004311,0.003842,0.0239,0.003839,0.041838,0.004479,0.003678,0.051109,0.02627,0.002695,0.005605,0.024135,0.005933,0.002867,0.004609,0.003656,0.009059,0.087006,0.068659,0.025796,0.00825,0.003176,0.005501,0.004411,0.015996,0.005709,3
0.018944,0.355217,0.018099,0.083134,0.253368,0.049924,0.216185,0.076718,0.049368,0.037347,0.035868,0.015394,0.062008,0.020055,0.010672,0.041144,0.012209,0.006404,0.006028,0.012897,0.063164,0.053016,0.016093,0.006912,0.006216,0.00497,0.007301,0.009169,0.011115,0.00999,0.006068,0.009741,0.010099,5
0.379406,0.482752,0.006302,0.341891,0.371719,0.449806,0.422484,0.024178,0.015592,0.015329,0.015289,0.059892,0.016401,0.004426,0.010427,0.12544,0.010647,0.003848,0.024194,0.006746,0.011419,0.006405,0.003888,0.004645,0.013887,0.085809,0.127512,0.083783,0.015799,0.007821,0.005028,0.005858,0.009557,1
0.244473,0.308584,0.22034,0.297067,0.571419,0.363233,0.451658,0.00762,0.047485,0.078493,0.0073,0.110415,0.04626,0.020733,0.014053,0.007773,0.005275,0.019592,0.118344,0.08863,0.04131,0.017205,0.006983,0.007853,0.011129,0.025198,0.006912,0.012078,0.005907,0.008669,0.012241,0.050453,0.101724,0
0.208302,0.014706,0.127868,0.188171,0.242514,0.163595,0.187514,0.246399,0.230271,0.154614,0.137995,0.129007,0.096219,0.080481,0.054385,0.115935,0.126342,0.144644,0.091946,0.073971,0.054043,0.055631,0.036627,0.033556,0.034497,0.026566,0.039382,0.061334,0.045706,0.06998,0.064448,0.060964,0.043753,4
0.665911,0.201582,0.001467,0.396224,0.290843,0.487494,0.462166,0.028908,0.018593,0.02592,0.021753,0.013223,0.006416,0.042626,0.024181,0.006127,0.020439,0.014904,0.008371,0.002243,0.004253,0.01257,0.043121,0.095785,0.035295,0.012039,0.005767,0.007473,0.005491,0.010116,0.006373,0.013811,0.021156,5
0.510442,0.156422,0.303794,0.226021,0.373091,0.450195,0.345081,0.004062,0.08745,0.085207,0.004326,0.146109,0.089113,0.015184,0.071431,0.021367,0.003117,0.006444,0.162455,0.162344,0.080812,0.022925,0.012447,0.046209,0.004076,0.02474,0.020631,0.004306,0.014095,0.006103,0.004379,0.027798,0.245558,2
0.402056,0.120076,0.241845,0.181044,0.29617,0.357849,0.264119,0.0648,0.06498,0.003006,0.084905,0.006126,0.05346,0.004301,0.003613,0.058402,0.084934,0.03058,0.008399,0.007953,0.001725,0.01672,0.00395,0.00915,0.003028,0.002395,0.025514,0.109297,0.054106,0.009739,0.003646,0.002456,0.011919,4
0.678626,0.204562,0.297863,0.397881,0.01736,0.49274,0.454009,0.009852,0.008796,0.085501,0.030327,0.026239,0.005102,0.043112,0.086047,0.005998,0.012692,0.039316,0.021444,0.002182,0.002771,0.010403,0.042255,0.258837,0.127678,0.024576,0.005409,0.00939,0.004379,0.021592,0.004154,0.008937,0.048332,5
0.186069,0.237753,0.171158,0.226671,0.022507,0.033812,0.171427,0.156898,0.154057,0.044973,0.122728,0.053005,0.050783,0.011605,0.041333,0.251498,0.11432,0.044622,0.017471,0.011555,0.025541,0.026603,0.008566,0.007437,0.01771,0.050303,0.098228,0.086384,0.021688,0.010347,0.009936,0.015786,0.010614,4
0.190238,0.246636,0.176362,0.232599,0.286239,0.011818,0.240727,0.208218,0.20453,0.04349,0.191177,0.070229,0.098629,0.029098,0.033014,0.292896,0.198538,0.095893,0.03783,0.029147,0.033171,0.062296,0.023009,0.020613,0.017761,0.045441,0.142906,0.19109,0.07884,0.04342,0.023973,0.028737,0.022921,4
0.505268,0.152647,0.222062,0.297972,0.36593,0.44023,0.336033,0.002402,0.033878,0.065551,0.001696,0.184351,0.034646,0.027333,0.027957,0.005571,0.001534,0.008534,0.204443,0.09517,0.03101,0.004945,0.002485,0.016113,0.00174,0.031347,0.005061,0.008502,0.001994,0.002415,0.005816,0.056699,0.305297,2
0.397557,0.119126,0.238426,0.176442,0.291766,0.006071,0.251655,0.083971,0.076795,0.021151,0.143117,0.040304,0.135884,0.007702,0.016346,0.217438,0.13976,0.033233,0.02713,0.035978,0.010887,0.036674,0.00597,0.015624,0.010272,0.029571,0.168468,0.363173,0.130262,0.017371,0.013797,0.009569,0.038091,4
0.228952,0.295509,0.211106,0.285963,0.002459,0.347282,0.313414,0.033834,0.05808,0.065397,0.022177,0.145728,0.036275,0.082246,0.019705,0.006637,0.01804,0.103639,0.13647,0.063905,0.030802,0.017547,0.012375,0.006645,0.025375,0.010785,0.008855,0.010066,0.005945,0.015879,0.084025,0.180389,0.111566,2
0.282262,0.03655,0.166043,0.039236,0.253817,0.234116,0.229742,0.058071,0.100439,0.06702,0.047487,0.034446,0.094114,0.045571,0.023225,0.028369,0.008042,0.009643,0.021533,0.041886,0.07927,0.084626,0.031004,0.025068,0.013793,0.009294,0.008075,0.010082,0.007335,0.008357,0.007547,0.009139,0.009006,5
0.453839,0.435356,0.007102,0.099888,0.028116,0.406557,0.357334,0.089234,0.076509,0.056281,0.066109,0.077285,0.069156,0.074055,0.073494,0.03846,0.045734,0.091955,0.030061,0.017498,0.013927,0.027741,0.035852,0.101009,0.108511,0.047505,0.028813,0.040963,0.045249,0.072574,0.104306,0.082999,0.044198,3
0.379901,0.473518,0.006867,0.336549,0.553667,0.444422,0.529916,0.022597,0.01798,0.018715,0.01428,0.038723,0.017359,0.005673,0.016353,0.074259,0.010309,0.005232,0.034622,0.007798,0.011189,0.005901,0.003851,0.006434,0.024834,0.086641,0.075754,0.058699,0.014066,0.007434,0.010483,0.010135,0.01274,1
0.189984,0.247257,0.166745,0.231655,0.017308,0.276385,0.22623,0.151626,0.154952,0.090315,0.136034,0.081098,0.121325,0.037144,0.079612,0.239344,0.1341,0.085094,0.051251,0.043773,0.07126,0.067828,0.02926,0.03264,0.054324,0.074304,0.098306,0.106665,0.057041,0.035055,0.031285,0.030823,0.034643,4
0.396084,0.504271,0.353793,0.473403,0.001049,0.58417,0.563043,0.010466,0.008427,0.006665,0.031289,0.016129,0.041839,0.003754,0.004787,0.088962,0.029153,0.004214,0.003704,0.029261,0.004012,0.008585,0.002566,0.003413,0.005651,0.015463,0.117406,0.123503,0.041008,0.012576,0.006093,0.008841,0.008326,3
0.24884,0.320079,0.231169,0.309306,0.01196,0.455993,0.403427,0.039236,0.147451,0.131501,0.030636,0.140095,0.138081,0.032144,0.077125,0.059432,0.011072,0.023834,0.129354,0.211623,0.123132,0.060252,0.020587,0.022804,0.016707,0.014341,0.052828,0.014107,0.01012,0.013056,0.007512,0.031322,0.11474,2
0.648637,0.201808,0.006609,0.286881,0.377395,0.477228,0.444997,0.039245,0.031631,0.033218,0.025485,0.018607,0.010085,0.064274,0.028404,0.009183,0.035642,0.010706,0.007667,0.002372,0.005393,0.022068,0.068176,0.0663,0.038733,0.014314,0.007389,0.005477,0.008869,0.003613,0.005434,0.018498,0.015628,5
0.736982,0.234678,0.101343,0.007059,0.317776,0.42281,0.381948,0.044949,0.036746,0.05656,0.023916,0.056767,0.015557,0.013737,0.091343,0.069706,0.009428,0.025899,0.045397,0.025394,0.007839,0.006988,0.011775,0.041485,0.178124,0.113503,0.067294,0.043781,0.012205,0.011887,0.015029,0.019166,0.010615,1
0.24278,0.309237,0.220608,0.296608,0.362213,0.439088,0.334965,0.004074,0.041042,0.094906,0.002452,0.151877,0.038922,0.020556,0.010574,0.003267,0.001886,0.013787,0.162834,0.105098,0.035254,0.007877,0.004121,0.006479,0.003765,0.023017,0.002921,0.008282,0.002295,0.001027,0.003398,0.047748,0.151196,2
0.383856,0.495473,0.347696,0.472357,0.006849,0.580091,0.556489,0.019999,0.016814,0.016635,0.03348,0.051045,0.044428,0.005754,0.013013,0.202747,0.029906,0.004443,0.01197,0.038523,0.011473,0.008546,0.003733,0.006289,0.018059,0.06634,0.222607,0.184408,0.042586,0.01305,0.009204,0.0156,0.012531,1
0.401999,0.118513,0.238465,0.177959,0.295845,0.356958,0.263802,0.081036,0.081045,0.037114,0.182928,0.040912,0.195359,0.024784,0.023366,0.161142,0.181226,0.038762,0.03228,0.046136,0.013728,0.058854,0.017656,0.028138,0.019513,0.019745,0.106271,0.336854,0.184111,0.053257,0.025513,0.017131,0.035524,4
0.227549,0.293956,0.209307,0.276428,0.339882,0.00683,0.30166,0.028851,0.046343,0.058256,0.020282,0.137136,0.024113,0.050057,0.015181,0.007105,0.019849,0.110689,0.123236,0.060047,0.023312,0.012142,0.006559,0.010303,0.020407,0.005764,0.006563,0.005594,0.005444,0.013985,0.069212,0.104253,0.052383,0
0.304543,0.399154,0.006312,0.281807,0.366978,0.455227,0.425797,0.015231,0.01631,0.01138,0.038074,0.00632,0.009534,0.076349,0.008483,0.006676,0.032399,0.006377,0.003316,0.002498,0.007761,0.053495,0.077458,0.036771,0.011814,0.004852,0.003991,0.008215,0.00487,0.004223,0.011213,0.018198,0.006406,5
0.188923,0.248186,0.17705,0.017531,0.232921,0.297733,0.247089,0.320565,0.297039,0.151446,0.228809,0.130433,0.132037,0.070964,0.093544,0.284992,0.216015,0.109925,0.081539,0.074019,0.069003,0.090869,0.033461,0.040675,0.03868,0.057603,0.090536,0.158748,0.072408,0.04046,0.034279,0.048724,0.05775,4
0.470807,0.143203,0.280517,0.20895,0.410828,0.345776,0.312488,0.007566,0.007087,0.012103,0.005002,0.044093,0.007516,0.051807,0.011024,0.005794,0.003911,0.053033,0.0382,0.011667,0.004941,0.006225,0.006032,0.005454,0.01399,0.004149,0.006612,0.005575,0.004904,0.015557,0.079165,0.109464,0.04862,0
0.381326,0.117748,0.17177,0.232407,0.285067,0.006791,0.243701,0.146057,0.14047,0.057694,0.126104,0.088964,0.06764,0.015489,0.056598,0.289265,0.12223,0.057388,0.028334,0.028515,0.030797,0.041804,0.013694,0.018313,0.037238,0.08273,0.16346,0.156531,0.041743,0.020856,0.020574,0.026811,0.018028,4
0.232723,0.306486,0.216156,0.292223,0.360853,0.011766,0.320752,0.023793,0.078505,0.11622,0.015995,0.226375,0.063854,0.056615,0.026097,0.010917,0.011344,0.063268,0.22805,0.12783,0.055782,0.023596,0.015709,0.0094,0.021035,0.02635,0.008111,0.015437,0.008004,0.008045,0.024929,0.134956,0.204176,0
0.833569,0.250959,0.495026,0.012441,0.361851,0.607312,0.582314,0.009069,0.010334,0.0055,0.030621,0.006071,0.041356,0.0048,0.003251,0.026821,0.035853,0.005343,0.004124,0.027709,0.012655,0.008302,0.003327,0.004103,0.00395,0.005962,0.025829,0.153807,0.051546,0.020705,0.008931,0.009579,0.007608,3
0.2274,0.458155,0.139016,0.287417,0.007749,0.3579,0.318971,0.099607,0.125824,0.112522,0.058344,0.243972,0.059456,0.067014,0.075417,0.036789,0.041108,0.167082,0.25647,0.105478,0.04576,0.062977,0.039365,0.030743,0.084628,0.050325,0.027948,0.031795,0.015998,0.0313,0.085308,0.177982,0.142969,0
0.413639,0.530312,0.374762,0.011927,0.480401,0.498677,0.504447,0.012658,0.01051,0.008945,0.076966,0.02142,0.103684,0.012916,0.006317,0.055644,0.092973,0.018797,0.006041,0.00888,0.030316,0.011498,0.005912,0.004038,0.007642,0.016741,0.056155,0.165093,0.138503,0.057862,0.032426,0.024424,0.01264,1
0.681651,0.201756,0.402274,0.001945,0.296856,0.493744,0.46929,0.023241,0.023713,0.082213,0.067087,0.048109,0.015073,0.111165,0.107297,0.025969,0.035313,0.098958,0.015673,0.005308,0.011773,0.048201,0.108838,0.34624,0.160108,0.049261,0.024563,0.013507,0.006442,0.031703,0.007191,0.016967,0.037052,5
0.451077,0.14059,0.26451,0.198242,0.01153,0.325608,0.28007,0.017542,0.017635,0.011394,0.021137,0.022837,0.022051,0.024947,0.00451,0.007365,0.021791,0.064755,0.020131,0.009507,0.007308,0.014217,0.005059,0.018575,0.006034,0.006876,0.00538,0.007809,0.022227,0.083235,0.08516,0.048034,0.010666,0
0.49742,0.152399,0.298654,0.221227,0.006223,0.01709,0.269409,0.015364,0.028897,0.03781,0.008572,0.112425,0.022425,0.029548,0.024651,0.01013,0.005164,0.017512,0.12634,0.057083,0.020339,0.011063,0.007284,0.02073,0.007973,0.020954,0.009103,0.00985,0.005634,0.004858,0.011604,0.060514,0.199502,0
0.515791,0.155387,0.230506,0.307865,0.377432,0.00135,0.347004,0.005352,0.028145,0.02998,0.002109,0.038427,0.028299,0.003427,0.042838,0.02004,0.001794,0.003502,0.037226,0.077928,0.025412,0.008111,0.004452,0.009583,0.002801,0.004922,0.020313,0.003294,0.005397,0.003196,0.002217,0.005091,0.044194,2
0.322725,0.412229,0.293004,0.391673,0.001016,0.483202,0.456787,0.01633,0.018004,0.143857,0.134624,0.05915,0.011596,0.209049,0.141284,0.01234,0.054153,0.017835,0.029927,0.003754,0.009484,0.068812,0.220997,0.329208,0.212328,0.060708,0.012386,0.024411,0.015873,0.013443,0.006837,0.044529,0.067048,5
0.505838,0.153033,0.222036,0.297424,0.006457,0.444158,0.392812,0.016304,0.067163,0.106239,0.004966,0.218183,0.060862,0.034343,0.036875,0.014031,0.003304,0.017517,0.238184,0.141454,0.055006,0.0108,0.006214,0.014086,0.005651,0.045346,0.01274,0.007845,0.003867,0.003384,0.010704,0.075463,0.309452,0
0.148723,0.192141,0.139118,0.187559,0.005196,0.277653,0.224823,0.197943,0.089517,0.173269,0.127106,0.06744,0.069773,0.333796,0.170784,0.083602,0.033661,0.034904,0.049081,0.013067,0.013845,0.078897,0.146284,0.145509,0.054777,0.014738,0.013563,0.012321,0.008658,0.011009,0.059681,0.134533,0.102115,4
0.039837,0.048483,0.165941,0.072347,0.237699,0.325231,0.30084,0.134299,0.123669,0.075266,0.06548,0.072942,0.104007,0.043983,0.038645,0.06751,0.025923,0.018993,0.029814,0.055209,0.074655,0.06086,0.024973,0.023035,0.018728,0.014247,0.018929,0.03487,0.017412,0.014697,0.012924,0.016385,0.018462,5
0.542974,0.164733,0.319712,0.00605,0.232559,0.395036,0.358403,0.011283,0.070268,0.038511,0.004565,0.012427,0.090373,0.005631,0.074785,0.008597,0.001662,0.002752,0.010389,0.131932,0.081792,0.037678,0.004131,0.00477,0.020609,0.00204,0.007442,0.009711,0.002097,0.009663,0.004601,0.004126,0.009612,2
0.267811,0.364833,0.264089,0.232446,0.33453,0.039455,0.262769,0.007094,0.039678,0.020619,0.01696,0.0167,0.062776,0.020164,0.014793,0.038531,0.008646,0.004714,0.014884,0.035905,0.066127,0.068447,0.017625,0.009069,0.006306,0.007088,0.010239,0.009987,0.011068,0.014547,0.005868,0.007221,0.01336,2
0.321646,0.398909,0.006452,0.379728,0.270633,0.465958,0.433028,0.061123,0.049779,0.076498,0.082788,0.036706,0.027944,0.157876,0.063123,0.01304,0.071636,0.018014,0.007219,0.004992,0.022476,0.121152,0.163767,0.129522,0.09248,0.028682,0.01046,0.01246,0.017502,0.008134,0.020997,0.023902,0.013252,5
0.229312,0.296244,0.017603,0.034168,0.205513,0.277916,0.236656,0.068916,0.075339,0.074839,0.033433,0.128852,0.044468,0.055709,0.026557,0.020117,0.016794,0.064806,0.1024,0.050501,0.02345,0.017047,0.013131,0.01248,0.020679,0.009727,0.009099,0.008615,0.006065,0.011623,0.039591,0.089774,0.064217,2
0.252834,0.332554,0.237776,0.318587,0.388498,0.470765,0.364672,0.007144,0.060638,0.048436,0.005449,0.019458,0.065829,0.006486,0.03497,0.014034,0.003236,0.004806,0.016861,0.104305,0.058611,0.02438,0.005169,0.005363,0.016889,0.003885,0.013901,0.020202,0.003699,0.005975,0.005949,0.005443,0.007995,2
0.26365,0.351813,0.150138,0.329512,0.237649,0.012031,0.259841,0.019466,0.071639,0.047645,0.017955,0.034374,0.074448,0.019034,0.01363,0.018055,0.008618,0.013665,0.028864,0.055854,0.069751,0.045086,0.013383,0.013132,0.011498,0.010578,0.009329,0.016654,0.008407,0.009912,0.010859,0.014221,0.01922,0
0.535432,0.164515,0.319853,0.011639,0.23211,0.476864,0.423232,0.022122,0.05099,0.030433,0.010837,0.01675,0.061975,0.007786,0.065893,0.014998,0.003514,0.004181,0.011528,0.111854,0.055975,0.022993,0.006022,0.005517,0.025216,0.004164,0.010266,0.012566,0.003582,0.004564,0.003458,0.004544,0.009462,2
0.21034,0.108045,0.117001,0.006342,0.027441,0.174953,0.119507,0.160558,0.114293,0.076252,0.098882,0.118026,0.091924,0.042649,0.046808,0.119152,0.074774,0.069742,0.05751,0.037288,0.023963,0.032259,0.014033,0.017701,0.026754,0.030244,0.055158,0.091805,0.059163,0.0319,0.026402,0.037375,0.032239,4
0.809412,0.246107,0.473547,0.352994,0.007038,0.579752,0.555206,0.018224,0.016095,0.009883,0.01683,0.01484,0.021855,0.004565,0.006312,0.159869,0.014693,0.004141,0.006226,0.10233,0.004903,0.008256,0.002361,0.003958,0.007854,0.018714,0.189377,0.126073,0.020648,0.008149,0.006088,0.008217,0.008081,3
0.69555,0.211628,0.00142,0.407761,0.297467,0.016691,0.397514,0.02221,0.014953,0.074332,0.02413,0.04827,0.009208,0.030527,0.103438,0.015588,0.009772,0.106135,0.012327,0.004712,0.006042,0.009727,0.027779,0.234772,0.154517,0.048928,0.014335,0.008623,0.011101,0.018312,0.012886,0.009374,0.024371,5
0.509609,0.154305,0.302634,0.225358,0.370908,0.448613,0.343656,0.011062,0.030422,0.035735,0.003806,0.117985,0.028506,0.017267,0.054973,0.007356,0.002245,0.006382,0.125332,0.08876,0.024236,0.006157,0.005436,0.028079,0.003579,0.017101,0.006399,0.004823,0.005813,0.004642,0.007389,0.033995,0.237079,2
0.380892,0.492531,0.006263,0.022298,0.339471,0.584232,0.570452,0.054796,0.02802,0.031902,0.052593,0.062705,0.056756,0.011508,0.02396,0.132348,0.039327,0.011193,0.022964,0.020378,0.014221,0.008336,0.006687,0.013157,0.035695,0.084332,0.140524,0.111938,0.057079,0.034044,0.018491,0.018344,0.013787,1
0.865005,0.262181,0.507169,0.37918,0.006602,0.016872,0.508045,0.009305,0.007101,0.005231,0.03435,0.005186,0.045507,0.004984,0.004221,0.01029,0.063671,0.010139,0.003549,0.005466,0.044693,0.007575,0.005143,0.004917,0.004969,0.004284,0.009479,0.044722,0.095287,0.046311,0.0167,0.008507,0.007331,1
0.208157,0.260471,0.077514,0.187686,0.011945,0.104639,0.109501,0.088732,0.109538,0.050734,0.088758,0.059994,0.095833,0.043924,0.023693,0.048622,0.1022,0.066861,0.043123,0.029005,0.037417,0.034679,0.027022,0.01689,0.023957,0.017214,0.016093,0.060083,0.071317,0.057481,0.030048,0.02653,0.024201,0
0.211318,0.282243,0.193836,0.265286,0.016682,0.325018,0.277502,0.060901,0.067601,0.034968,0.047303,0.072838,0.024155,0.026749,0.008233,0.021936,0.051589,0.097018,0.063062,0.030662,0.015641,0.019398,0.011649,0.017,0.011209,0.009122,0.007713,0.013812,0.01804,0.051089,0.051803,0.035903,0.020013,4
0.41317,0.013028,0.060982,0.241765,0.178218,0.298172,0.254551,0.100035,0.077988,0.034606,0.177013,0.069129,0.209383,0.030362,0.022746,0.161871,0.181259,0.056349,0.041266,0.045379,0.018257,0.047855,0.020813,0.035782,0.029627,0.044644,0.133142,0.319452,0.205954,0.107414,0.049245,0.025154,0.045179,4
0.269477,0.345765,0.247138,0.413715,0.32359,0.492339,0.382589,0.004481,0.102118,0.029113,0.010764,0.005024,0.136136,0.011867,0.009003,0.010429,0.00597,0.002594,0.004235,0.038717,0.129136,0.089374,0.010904,0.005792,0.003174,0.004164,0.002654,0.024689,0.007995,0.003451,0.006434,0.005821,0.005698,2
0.738253,0.224779,0.012112,0.324629,0.425286,0.082245,0.390782,0.040632,0.036642,0.050802,0.02284,0.067884,0.022613,0.010187,0.076885,0.053308,0.011429,0.017884,0.04893,0.016505,0.008829,0.012624,0.007742,0.025659,0.134035,0.1148,0.051284,0.020356,0.013826,0.014065,0.009553,0.02109,0.01396,1
0.059163,0.082464,0.072136,0.055324,0.146344,0.104063,0.076495,0.167124,0.139895,0.102077,0.067864,0.069759,0.072023,0.058695,0.035016,0.029613,0.019519,0.015066,0.02432,0.02923,0.015791,0.014256,0.007417,0.008543,0.009111,0.010246,0.009349,0.011912,0.007375,0.008875,0.009033,0.014922,0.019684,0
0.186766,0.239562,0.171515,0.231413,0.285616,0.007056,0.243495,0.127353,0.124071,0.017379,0.099934,0.019192,0.029839,0.004886,0.016787,0.169369,0.095687,0.034914,0.008974,0.007551,0.014723,0.018181,0.005147,0.004392,0.004402,0.018622,0.054563,0.055578,0.015926,0.006305,0.005229,0.011708,0.009891,4
0.321471,0.401633,0.291984,0.391087,0.007051,0.477366,0.448345,0.020742,0.01993,0.04942,0.055523,0.015077,0.010407,0.084954,0.043716,0.006904,0.02525,0.011339,0.01154,0.003382,0.006967,0.03307,0.092569,0.121148,0.063878,0.011599,0.007807,0.00938,0.010586,0.00806,0.013731,0.028697,0.022868,5
0.737289,0.225787,0.007275,0.326032,0.426322,0.644662,0.598236,0.056242,0.041729,0.058448,0.02165,0.089279,0.015892,0.012004,0.12029,0.092857,0.012007,0.026271,0.072058,0.017961,0.009059,0.007121,0.009499,0.037355,0.199004,0.181677,0.093344,0.042691,0.013426,0.008157,0.010131,0.030684,0.015051,1
0.797661,0.245767,0.468866,0.351363,0.012035,0.580116,0.550006,0.010161,0.008723,0.006261,0.017083,0.017867,0.021886,0.002932,0.003405,0.113481,0.015454,0.002969,0.005446,0.043024,0.003893,0.004031,0.001993,0.00317,0.004573,0.021595,0.126941,0.079649,0.021966,0.007829,0.004836,0.006157,0.006079,1
0.40103,0.120123,0.238834,0.177475,0.292365,0.356921,0.261871,0.140565,0.140816,0.006442,0.193017,0.015304,0.127964,0.008123,0.006108,0.16141,0.192388,0.067062,0.017103,0.027859,0.004182,0.044132,0.007281,0.011239,0.005578,0.0078,0.084453,0.274462,0.128577,0.025774,0.009284,0.005363,0.02344,4
0.378446,0.472047,0.007488,0.336001,0.452345,0.438912,0.456075,0.07228,0.057258,0.060273,0.069235,0.107966,0.076788,0.031254,0.047895,0.158331,0.046809,0.023586,0.064802,0.04095,0.029918,0.019499,0.016416,0.025327,0.069101,0.176369,0.166548,0.125744,0.063154,0.045284,0.030106,0.026537,0.02462,1
0.869083,0.261944,0.384889,0.001652,0.501359,0.087791,0.484001,0.011835,0.008458,0.004466,0.023989,0.009431,0.03183,0.00922,0.003327,0.010629,0.066519,0.011394,0.00556,0.006617,0.061453,0.009573,0.013292,0.004731,0.003614,0.005762,0.010276,0.036387,0.110041,0.037636,0.018583,0.015496,0.012019,1
0.564238,0.1664,0.007153,0.248687,0.327894,0.411527,0.377531,0.026419,0.056276,0.029953,0.014197,0.01695,0.120423,0.014306,0.02866,0.040411,0.011391,0.005733,0.013456,0.046324,0.121212,0.039822,0.012239,0.013076,0.01066,0.011704,0.005332,0.016441,0.014191,0.007275,0.010097,0.008358,0.010721,0
0.527628,0.156711,0.232623,0.309726,0.382085,0.461101,0.35509,0.007101,0.079594,0.068107,0.006162,0.057826,0.088532,0.009418,0.123166,0.049239,0.003286,0.006807,0.057665,0.224469,0.080788,0.028376,0.012269,0.012061,0.011613,0.008995,0.054971,0.014372,0.012365,0.007774,0.004725,0.011036,0.051069,2
0.247805,0.319534,0.226552,0.303518,0.011817,0.374002,0.332721,0.008926,0.086896,0.106698,0.005141,0.090507,0.083906,0.007215,0.028843,0.011004,0.003347,0.009692,0.087147,0.135428,0.075951,0.015657,0.00547,0.009857,0.004199,0.008828,0.010101,0.0044,0.004524,0.004228,0.003475,0.008724,0.055841,2
0.00344,0.422825,0.099713,0.293154,0.392814,0.03291,0.378279,0.086328,0.048664,0.044417,0.031851,0.032591,0.011947,0.046017,0.039887,0.018109,0.01761,0.021164,0.012518,0.00406,0.006363,0.023813,0.047044,0.089846,0.059531,0.031876,0.017097,0.011104,0.005455,0.008213,0.004884,0.018007,0.028539,5
0.507899,0.153396,0.224906,0.301491,0.367602,0.006697,0.332578,0.009688,0.032953,0.048992,0.003752,0.082309,0.028984,0.007989,0.019889,0.009894,0.00231,0.006072,0.098902,0.065535,0.026023,0.004966,0.002897,0.012941,0.003405,0.026588,0.009573,0.005898,0.003432,0.002583,0.003888,0.014728,0.114188,2
0.40167,0.514704,0.363257,0.484264,0.59345,0.83869,0.680769,0.002943,0.002828,0.002986,0.115004,0.006729,0.158902,0.003321,0.003167,0.087429,0.112438,0.004324,0.002045,0.032427,0.003211,0.028633,0.002001,0.002335,0.004255,0.007063,0.089385,0.347041,0.161165,0.029092,0.007112,0.005865,0.01198,1
0.268582,0.012292,0.023058,0.17569,0.253717,0.342048,0.324955,0.055073,0.077584,0.040533,0.035149,0.028258,0.073657,0.031256,0.016722,0.029418,0.015908,0.013827,0.016368,0.030463,0.065542,0.074538,0.019829,0.015903,0.010733,0.008899,0.012376,0.009461,0.012515,0.012482,0.009136,0.015547,0.014678,0
0.338649,0.434239,0.313628,0.407111,0.408957,0.006811,0.411157,0.011143,0.010276,0.167663,0.028338,0.082343,0.005844,0.038415,0.207608,0.018042,0.010055,0.082234,0.010732,0.009356,0.002522,0.010671,0.037523,0.281289,0.322319,0.085593,0.016781,0.008377,0.007422,0.012224,0.012084,0.00843,0.023367,5
0.248559,0.319534,0.007408,0.028817,0.221444,0.24462,0.227444,0.051885,0.121639,0.099641,0.039204,0.09752,0.119698,0.042521,0.041986,0.041391,0.021829,0.028227,0.08276,0.110487,0.105927,0.068306,0.029313,0.026079,0.023831,0.02418,0.01982,0.021189,0.017473,0.014525,0.019734,0.031099,0.061385,0
0.342766,0.436282,0.006383,0.308796,0.408782,0.043969,0.390782,0.045639,0.035135,0.07567,0.029174,0.066267,0.013111,0.031811,0.09718,0.032874,0.012192,0.049069,0.011504,0.006925,0.005782,0.017517,0.027212,0.110256,0.147664,0.067619,0.02997,0.014626,0.008876,0.008997,0.016012,0.011567,0.015242,5
0.60738,0.199839,0.270492,0.011483,0.345309,0.428495,0.389322,0.03974,0.055547,0.058283,0.049771,0.031835,0.062248,0.109013,0.03647,0.096575,0.059282,0.025411,0.013546,0.022492,0.071791,0.232327,0.105471,0.0698,0.048781,0.023825,0.033685,0.01711,0.016714,0.033433,0.038742,0.027391,0.015479,5
0.283735,0.024894,0.176298,0.264814,0.345658,0.438423,0.401005,0.087611,0.131444,0.059152,0.055139,0.037378,0.091187,0.060345,0.019097,0.046678,0.018833,0.011225,0.013002,0.025283,0.06781,0.142661,0.046198,0.024773,0.013982,0.009956,0.014309,0.009114,0.006931,0.019607,0.01073,0.01145,0.011997,5
0.662798,0.203295,0.007469,0.396199,0.03378,0.292562,0.372616,0.06413,0.046985,0.046289,0.033261,0.028471,0.026015,0.071133,0.040345,0.019139,0.04693,0.015888,0.016264,0.007874,0.011481,0.020004,0.065712,0.104093,0.054393,0.024216,0.012198,0.015471,0.012715,0.018473,0.009099,0.017085,0.024728,5
0.305319,0.398773,0.006818,0.280928,0.361314,0.060775,0.332079,0.035388,0.035491,0.030439,0.072417,0.016254,0.024685,0.097685,0.021354,0.013798,0.020665,0.009184,0.004437,0.004478,0.016586,0.086887,0.093015,0.073003,0.027196,0.008119,0.005471,0.010248,0.004093,0.006443,0.012672,0.012974,0.008011,5
0.365144,0.109154,0.166145,0.225256,0.001183,0.331004,0.283575,0.100219,0.085069,0.094298,0.064916,0.174768,0.077283,0.0127,0.101994,0.334224,0.06123,0.031233,0.041834,0.013782,0.069029,0.023292,0.013603,0.01646,0.091844,0.23023,0.207319,0.090619,0.01561,0.010441,0.012285,0.02335,0.016165,4
0.646795,0.199934,0.386063,0.286703,0.002193,0.471417,0.444391,0.011163,0.010732,0.023207,0.031986,0.009625,0.006088,0.115477,0.022514,0.00622,0.071796,0.011707,0.005027,0.002498,0.003757,0.032183,0.124765,0.088549,0.031987,0.007285,0.006998,0.006463,0.01688,0.005179,0.010432,0.020868,0.008714,5
0.193759,0.25778,0.182356,0.303059,0.238248,0.3581,0.262723,0.078196,0.078609,0.010231,0.100748,0.020596,0.069069,0.014063,0.005838,0.059354,0.105149,0.05723,0.019087,0.011168,0.008601,0.019765,0.009462,0.014492,0.007534,0.006226,0.025841,0.095487,0.070139,0.040409,0.020281,0.014685,0.016022,4
0.49023,0.143851,0.012108,0.21572,0.028284,0.282359,0.249105,0.046105,0.059526,0.0421,0.018293,0.105661,0.037966,0.049705,0.02251,0.012009,0.008643,0.036869,0.096073,0.036194,0.020201,0.016014,0.012055,0.007917,0.017595,0.018139,0.009311,0.010556,0.006743,0.012787,0.027534,0.097658,0.112271,2
0.187011,0.245933,0.172063,0.232255,0.016965,0.282485,0.232638,0.169324,0.155529,0.052101,0.133169,0.043274,0.049872,0.018647,0.044063,0.229849,0.124474,0.052794,0.024228,0.021776,0.020219,0.029666,0.015497,0.014638,0.023169,0.033873,0.094873,0.106689,0.034552,0.01806,0.013614,0.026414,0.016302,4
0.639167,0.191754,0.375616,0.2808,0.00687,0.557211,0.508971,0.012836,0.017973,0.022442,0.054287,0.007515,0.012401,0.172859,0.018722,0.007036,0.098031,0.015147,0.003977,0.003764,0.010637,0.086432,0.173965,0.078697,0.027164,0.00609,0.006323,0.016797,0.006306,0.004543,0.02492,0.02215,0.00724,5
0.187844,0.237966,0.170979,0.012385,0.028072,0.227188,0.183296,0.091526,0.088702,0.034368,0.062277,0.038044,0.039927,0.010933,0.025178,0.122848,0.054494,0.028155,0.010882,0.007448,0.020586,0.018383,0.005933,0.006453,0.010479,0.027445,0.050448,0.04941,0.015152,0.007133,0.007126,0.015536,0.010638,4
0.415239,0.528024,0.374009,0.495955,0.151908,0.616851,0.498997,0.002075,0.002324,0.001134,0.049028,0.002969,0.067536,0.002238,0.002,0.009316,0.054908,0.003245,0.001786,0.004819,0.011275,0.003565,0.001944,0.002049,0.002136,0.002917,0.009285,0.09336,0.0788,0.034841,0.004868,0.003698,0.003364,1
0.498165,0.154877,0.298412,0.221661,0.441018,0.016719,0.385653,0.007071,0.018451,0.019761,0.004205,0.058816,0.016237,0.016095,0.013404,0.006179,0.002762,0.005261,0.062855,0.027958,0.014421,0.006822,0.004093,0.009535,0.004862,0.011154,0.005341,0.006577,0.003442,0.005351,0.005644,0.032705,0.117518,0
0.231793,0.305233,0.220914,0.291751,0.006722,0.357787,0.321215,0.014127,0.027958,0.039387,0.007002,0.084896,0.019584,0.025805,0.01319,0.00654,0.005785,0.029826,0.08824,0.04465,0.016402,0.013854,0.009503,0.00569,0.014872,0.014213,0.006394,0.009691,0.003824,0.006349,0.016773,0.069653,0.075444,2
0.244468,0.307957,0.00654,0.22152,0.301783,0.201497,0.247356,0.114399,0.182534,0.175051,0.064561,0.250994,0.131361,0.082162,0.054017,0.053811,0.032594,0.088515,0.244581,0.183062,0.105607,0.058551,0.034877,0.03639,0.033479,0.048262,0.038899,0.02739,0.018797,0.020213,0.034775,0.117203,0.189952,5
0.515089,0.15682,0.227661,0.304168,0.012353,0.455202,0.400079,0.02004,0.071768,0.054991,0.011512,0.071695,0.067851,0.017576,0.080675,0.025048,0.004322,0.013582,0.074417,0.135267,0.059073,0.023737,0.012321,0.022846,0.009167,0.01205,0.02554,0.006868,0.011187,0.008518,0.006424,0.026183,0.10838,0
0.421658,0.540854,0.381343,0.511265,0.227931,0.196276,0.333326,0.004124,0.004018,0.00168,0.034116,0.003744,0.047586,0.004293,0.002924,0.006305,0.045682,0.012697,0.002692,0.003617,0.020007,0.004996,0.00822,0.004053,0.003724,0.002969,0.006075,0.028019,0.073666,0.051703,0.021519,0.008495,0.00583,3
0.341372,0.434675,0.303297,0.01152,0.409381,0.395915,0.402323,0.023619,0.022496,0.221705,0.043066,0.15496,0.011385,0.047405,0.245314,0.039461,0.007787,0.059097,0.021803,0.011909,0.004781,0.01615,0.043955,0.264958,0.383743,0.16448,0.038901,0.019803,0.009341,0.009838,0.013606,0.009641,0.041189,5
0.245792,0.316347,0.225416,0.302422,0.011552,0.369509,0.329337,0.042151,0.15399,0.13531,0.036201,0.226184,0.129605,0.0477,0.048275,0.027744,0.024312,0.075613,0.231013,0.172604,0.113243,0.062306,0.020325,0.018381,0.016169,0.03505,0.019594,0.010908,0.011243,0.015932,0.027955,0.085971,0.201246,0
0.037057,0.168522,0.165546,0.253315,0.329054,0.314714,0.31117,0.111733,0.132547,0.056938,0.044683,0.038433,0.100183,0.027463,0.020334,0.029651,0.01426,0.010205,0.01535,0.033703,0.085584,0.072189,0.016413,0.011363,0.008673,0.007832,0.00743,0.011964,0.009887,0.007051,0.007627,0.008722,0.013223,0
0.211033,0.28099,0.01132,0.198229,0.258882,0.341044,0.294446,0.276331,0.324425,0.165684,0.205118,0.295316,0.157341,0.088954,0.065373,0.079004,0.195768,0.348898,0.255469,0.151218,0.097724,0.063061,0.035515,0.068337,0.048683,0.042376,0.035335,0.044075,0.077269,0.181533,0.208309,0.122476,0.102837,0
0.24567,0.316238,0.224817,0.297513,0.441105,0.368919,0.337957,0.006591,0.059007,0.080594,0.004041,0.139893,0.057071,0.01708,0.03038,0.010587,0.004148,0.016524,0.150514,0.109003,0.052074,0.013514,0.004483,0.009569,0.004663,0.03228,0.009179,0.008571,0.004898,0.005331,0.007173,0.038448,0.182653,0
0.532057,0.165912,0.23738,0.313309,0.4625,0.389087,0.356408,0.0101,0.132732,0.069559,0.015735,0.048126,0.154252,0.017349,0.115471,0.02811,0.004388,0.00857,0.045365,0.21272,0.140571,0.094368,0.016328,0.010941,0.017228,0.00638,0.032104,0.030782,0.005991,0.007732,0.006553,0.009596,0.03657,0
0.497025,0.152418,0.22571,0.001504,0.29108,0.443932,0.396838,0.022493,0.047211,0.048467,0.01069,0.13102,0.036916,0.033655,0.028913,0.016811,0.009164,0.028316,0.138831,0.078364,0.032221,0.018984,0.007473,0.010408,0.005922,0.027858,0.015688,0.011868,0.006373,0.005426,0.014174,0.066402,0.182451,0
0.341569,0.437044,0.006215,0.308337,0.408907,0.402114,0.41073,0.032585,0.023461,0.090229,0.024505,0.069646,0.012631,0.026105,0.107666,0.02843,0.009169,0.034179,0.013486,0.009982,0.006951,0.014223,0.024358,0.117263,0.169352,0.072847,0.026679,0.015581,0.011082,0.009605,0.014916,0.010184,0.022403,5
0.792663,0.238963,0.347951,0.466672,0.684356,0.00681,0.643902,0.008155,0.007124,0.005307,0.015412,0.02543,0.020793,0.002833,0.005177,0.241694,0.014526,0.003097,0.018767,0.064093,0.011628,0.003768,0.002175,0.002719,0.006533,0.046076,0.265427,0.09531,0.020539,0.005792,0.004145,0.008187,0.005243,3
0.376881,0.472401,0.0066,0.335325,0.441803,0.56872,0.539533,0.030905,0.021796,0.068256,0.032238,0.179617,0.038526,0.008331,0.070279,0.254845,0.026769,0.007235,0.060462,0.009714,0.012429,0.007981,0.007125,0.016895,0.109754,0.273516,0.257566,0.168177,0.039281,0.015141,0.014361,0.015996,0.022214,1
0.797091,0.246865,0.352722,0.005801,0.4624,0.693797,0.649957,0.009191,0.006764,0.00387,0.011483,0.010659,0.015664,0.002523,0.003866,0.079517,0.011236,0.003642,0.005176,0.035075,0.004103,0.004701,0.002833,0.003845,0.005316,0.01405,0.089903,0.043446,0.015387,0.006781,0.004705,0.005168,0.005292,1
0.545341,0.164793,0.319789,0.238641,0.46966,0.006004,0.422484,0.009002,0.090154,0.05326,0.010357,0.023426,0.156981,0.011782,0.117633,0.020546,0.004162,0.005606,0.020127,0.232802,0.144548,0.05446,0.009752,0.007141,0.05088,0.00282,0.017548,0.045914,0.00448,0.007804,0.007511,0.006137,0.014648,2
0.244394,0.309237,0.221284,0.297768,0.365506,0.017306,0.321785,0.010315,0.035657,0.053419,0.006349,0.080336,0.031553,0.015132,0.011894,0.007817,0.004618,0.013748,0.091402,0.060846,0.027725,0.007875,0.003853,0.007064,0.006133,0.021195,0.007328,0.008156,0.004859,0.003818,0.005072,0.028501,0.083856,2
0.834972,0.259902,0.0112,0.369899,0.485603,0.735753,0.688285,0.025306,0.023143,0.010186,0.034646,0.009712,0.046368,0.006283,0.00417,0.030828,0.052748,0.009065,0.004001,0.040462,0.0329,0.011888,0.004195,0.004003,0.005447,0.007158,0.031275,0.184826,0.077721,0.035049,0.013773,0.013136,0.006416,3
0.399767,0.117799,0.177293,0.243384,0.007318,0.309505,0.265932,0.076548,0.072779,0.03471,0.088296,0.039053,0.071811,0.013234,0.021832,0.115905,0.089184,0.033969,0.026236,0.019481,0.017418,0.025011,0.00963,0.009777,0.012057,0.017504,0.051261,0.113087,0.065929,0.026135,0.015338,0.016244,0.015714,4
0.190883,0.247824,0.172357,0.236525,0.002397,0.308966,0.265284,0.334752,0.323456,0.082145,0.281627,0.105612,0.114622,0.041337,0.063209,0.379468,0.282988,0.184401,0.075575,0.059795,0.041157,0.067273,0.02971,0.023589,0.030195,0.041379,0.134364,0.213,0.090748,0.051047,0.035864,0.040871,0.027844,4
0.513423,0.15479,0.307353,0.230164,0.451908,0.379135,0.350246,0.004857,0.022118,0.021373,0.003603,0.045338,0.022738,0.007231,0.037655,0.010764,0.003131,0.005661,0.044257,0.05953,0.020347,0.008282,0.006131,0.01274,0.004506,0.005786,0.009528,0.005273,0.006903,0.006552,0.005272,0.015507,0.06908,0
0.493737,0.152968,0.220302,0.29374,0.432173,0.363045,0.330583,0.009287,0.014081,0.013921,0.003587,0.064727,0.009272,0.02725,0.006874,0.003199,0.003002,0.009518,0.070812,0.016244,0.008263,0.004881,0.003936,0.005204,0.00436,0.013438,0.002902,0.005689,0.003288,0.003738,0.009169,0.057303,0.118219,2
0.18645,0.247151,0.182663,0.01743,0.162973,0.227828,0.169415,0.135493,0.127022,0.067186,0.100532,0.067563,0.067225,0.03949,0.047508,0.152036,0.103914,0.042607,0.031455,0.021425,0.029806,0.03396,0.024539,0.016589,0.019557,0.03429,0.059853,0.074772,0.042079,0.025499,0.024446,0.028811,0.023132,4
0.834096,0.258027,0.017607,0.490039,0.356387,0.606208,0.573302,0.071927,0.051308,0.037139,0.090091,0.033214,0.099305,0.014446,0.009291,0.048301,0.083489,0.014289,0.008642,0.064999,0.031049,0.014931,0.004356,0.00553,0.00942,0.015406,0.048403,0.323323,0.118756,0.046564,0.022748,0.017573,0.014252,1
0.262957,0.331546,0.01188,0.237073,0.291329,0.314049,0.286984,0.04701,0.153826,0.10152,0.036645,0.070678,0.149859,0.035863,0.049119,0.040359,0.016561,0.026685,0.064232,0.134861,0.129723,0.080614,0.027452,0.025848,0.023796,0.01951,0.024122,0.030764,0.014215,0.013618,0.014489,0.025272,0.041374,0
0.514694,0.164008,0.308055,0.230725,0.001749,0.379185,0.344725,0.010366,0.050623,0.034418,0.005527,0.047647,0.052078,0.00889,0.03845,0.01906,0.003279,0.008687,0.049639,0.076888,0.046938,0.029631,0.009288,0.018946,0.006958,0.008678,0.019063,0.006577,0.008621,0.006267,0.005644,0.011539,0.056048,0
0.533986,0.164455,0.237304,0.318752,0.388822,0.001657,0.358652,0.007196,0.050958,0.030919,0.006558,0.01441,0.062201,0.007072,0.048092,0.016252,0.002323,0.004397,0.013205,0.098715,0.056887,0.028382,0.005842,0.005619,0.012932,0.002672,0.015083,0.017294,0.002668,0.006847,0.003995,0.004575,0.009525,2
0.3625,0.012205,0.21932,0.329907,0.570122,0.600937,0.63546,0.018661,0.010882,0.015547,0.0037,0.035112,0.003978,0.003498,0.017018,0.027944,0.00327,0.002774,0.010609,0.003737,0.0038,0.004261,0.003117,0.006142,0.026292,0.04818,0.028026,0.010356,0.005782,0.004984,0.005844,0.010818,0.008282,1
0.51031,0.154888,0.226934,0.30246,0.371744,0.449479,0.34419,0.003571,0.03888,0.040203,0.002215,0.065191,0.03835,0.006223,0.0242,0.01104,0.001495,0.007576,0.067933,0.065823,0.034609,0.009444,0.004847,0.009414,0.00267,0.009714,0.011021,0.003579,0.004885,0.00239,0.002503,0.011664,0.084887,2
0.246832,0.318853,0.226641,0.215835,0.296482,0.017681,0.238059,0.029401,0.12584,0.142498,0.023019,0.141059,0.119004,0.030086,0.0423,0.027004,0.015119,0.043376,0.137459,0.180424,0.101378,0.031716,0.013909,0.017536,0.019706,0.016524,0.020193,0.019816,0.012445,0.01456,0.018754,0.047681,0.088852,0
0.396654,0.120117,0.176438,0.236665,0.291105,0.3517,0.257782,0.037356,0.036591,0.006038,0.051978,0.009272,0.041055,0.00362,0.005017,0.103302,0.049835,0.018585,0.009264,0.021734,0.003444,0.037413,0.002928,0.005949,0.003998,0.005924,0.073107,0.125831,0.038666,0.007388,0.006238,0.004805,0.015088,2
0.3954,0.120619,0.176693,0.236704,0.290918,0.351474,0.257479,0.065941,0.064759,0.011517,0.106231,0.04207,0.095053,0.013998,0.01035,0.237967,0.111345,0.038816,0.034782,0.033591,0.012904,0.067901,0.013301,0.0145,0.008456,0.027872,0.184012,0.290709,0.084068,0.018887,0.008817,0.010276,0.042174,4
0.241583,0.308093,0.220008,0.292937,0.361639,0.006378,0.324813,0.009711,0.040368,0.086925,0.005954,0.138397,0.036144,0.020495,0.011726,0.005191,0.005225,0.029547,0.153884,0.092111,0.031911,0.010667,0.007639,0.006573,0.01098,0.030057,0.004269,0.009024,0.003754,0.003477,0.009378,0.049834,0.099428,2
0.301509,0.379379,0.270364,0.005783,0.355052,0.022228,0.340379,0.010315,0.019403,0.011565,0.056096,0.006055,0.018304,0.067985,0.00996,0.016962,0.007563,0.007884,0.003599,0.004322,0.016382,0.111683,0.063224,0.037009,0.011979,0.005277,0.004724,0.006033,0.003049,0.011033,0.012323,0.00598,0.007294,5
0.602689,0.188077,0.358487,0.006922,0.259144,0.022767,0.333112,0.051424,0.074172,0.043952,0.078189,0.026254,0.110615,0.093204,0.02693,0.145254,0.024139,0.011058,0.011618,0.026962,0.103726,0.310423,0.08386,0.057197,0.030428,0.012975,0.025266,0.026013,0.014483,0.025441,0.013096,0.018059,0.023241,5
0.340863,0.435056,0.012492,0.3039,0.399363,0.601389,0.54997,0.017818,0.017889,0.101249,0.019977,0.070176,0.006217,0.020721,0.111211,0.020511,0.004195,0.034894,0.007408,0.00394,0.00269,0.009734,0.019775,0.129676,0.168334,0.068152,0.019909,0.00656,0.004268,0.007189,0.008381,0.008783,0.016961,5
0.205163,0.25891,0.187981,0.253978,0.001486,0.011542,0.224377,0.231318,0.23327,0.034053,0.22327,0.100631,0.105688,0.066327,0.019763,0.117129,0.281289,0.188998,0.083641,0.028409,0.048843,0.043212,0.060323,0.02425,0.020649,0.01763,0.038904,0.106863,0.132275,0.063414,0.035615,0.020049,0.025715,4
0.664552,0.023698,0.094887,0.292491,0.388398,0.579664,0.530735,0.052522,0.054608,0.049676,0.032693,0.025533,0.016944,0.045933,0.03331,0.015467,0.020106,0.013912,0.009187,0.006971,0.011496,0.030905,0.046481,0.076192,0.049364,0.023001,0.014028,0.015065,0.007773,0.008884,0.008286,0.017126,0.019915,5
0.666043,0.211277,0.3967,0.2968,0.006569,0.58481,0.536684,0.032507,0.027653,0.086189,0.044112,0.053794,0.017521,0.113321,0.097804,0.03196,0.066097,0.04994,0.037958,0.007119,0.011372,0.04802,0.121364,0.290985,0.149186,0.055829,0.026746,0.019017,0.014841,0.035569,0.01424,0.033973,0.077311,5
0.244889,0.317491,0.221539,0.297424,0.00544,0.444422,0.393489,0.037015,0.147458,0.157888,0.020693,0.272059,0.130067,0.038657,0.069502,0.022359,0.015217,0.078495,0.315082,0.219828,0.116278,0.051332,0.019124,0.031757,0.015999,0.064686,0.01861,0.018754,0.008465,0.006003,0.022706,0.092193,0.301687,0
0.194193,0.257613,0.182254,0.247349,0.017624,0.006731,0.210817,0.107301,0.103895,0.01203,0.102253,0.023269,0.044899,0.013178,0.006464,0.052456,0.1043,0.062612,0.017103,0.008261,0.006734,0.01847,0.010483,0.007445,0.006297,0.004646,0.015512,0.059628,0.04489,0.022077,0.010885,0.009108,0.009514,4
0.439371,0.141397,0.259676,0.194035,0.005739,0.380063,0.327271,0.079796,0.097338,0.060429,0.092664,0.114304,0.108226,0.072397,0.018448,0.034598,0.11598,0.18697,0.098913,0.057688,0.05814,0.033941,0.023391,0.033792,0.023789,0.014127,0.015692,0.040245,0.108958,0.208538,0.182343,0.111812,0.043724,2
0.229991,0.296135,0.007916,0.215108,0.275199,0.342212,0.303832,0.17549,0.237077,0.19158,0.093985,0.318254,0.125688,0.130755,0.059518,0.055138,0.0721,0.205358,0.302213,0.159605,0.099444,0.06272,0.038802,0.036458,0.054025,0.036946,0.030555,0.032225,0.028752,0.068057,0.175865,0.282386,0.238114,0
0.249901,0.320732,0.227228,0.003408,0.29728,0.384858,0.347147,0.025379,0.114815,0.099782,0.009357,0.083143,0.109504,0.012923,0.044802,0.024832,0.003302,0.012057,0.08713,0.155055,0.099207,0.043807,0.0105,0.014467,0.010462,0.014288,0.025628,0.014535,0.00715,0.007186,0.005361,0.015439,0.068503,5
0.018501,0.531728,0.121946,0.3796,0.03343,0.493343,0.494972,0.110195,0.064394,0.018853,0.030073,0.015442,0.039275,0.011295,0.007346,0.017608,0.047199,0.008544,0.007437,0.00873,0.034394,0.007535,0.007168,0.005388,0.00836,0.009196,0.016751,0.06544,0.072434,0.033407,0.012521,0.016284,0.015266,1
0.513028,0.154442,0.226564,0.303492,0.371669,0.449843,0.34444,0.009285,0.074281,0.087641,0.004912,0.133157,0.073791,0.011812,0.079787,0.026256,0.002158,0.011757,0.146002,0.173003,0.066434,0.020345,0.008387,0.031364,0.002753,0.028012,0.025268,0.004613,0.007239,0.005716,0.003886,0.01985,0.17727,2
0.475454,0.143712,0.007282,0.282356,0.205663,0.421856,0.370015,0.023976,0.02248,0.015709,0.006139,0.057584,0.007192,0.053944,0.007916,0.004353,0.004488,0.037757,0.051253,0.012581,0.006022,0.00609,0.012771,0.004947,0.014034,0.004359,0.005148,0.004854,0.003663,0.010425,0.051357,0.131329,0.081717,0
0.393752,0.118442,0.232789,0.172554,0.286514,0.006722,0.24435,0.041938,0.040236,0.0061,0.048786,0.019232,0.035976,0.002996,0.005608,0.132929,0.04704,0.014987,0.006241,0.013521,0.006291,0.016674,0.003188,0.003385,0.00324,0.018397,0.098628,0.125636,0.030195,0.005492,0.003437,0.007294,0.008601,4
0.684808,0.211241,0.302838,0.011951,0.398066,0.503007,0.468898,0.053299,0.04312,0.098919,0.041639,0.062469,0.0175,0.038172,0.103883,0.022928,0.013353,0.073575,0.027502,0.007767,0.007523,0.01823,0.034215,0.242179,0.154445,0.055846,0.020588,0.011747,0.009123,0.021704,0.010662,0.011521,0.054877,5
0.360838,0.459244,0.012259,0.324515,0.425648,0.530956,0.500565,0.032392,0.032531,0.161719,0.02471,0.297231,0.018235,0.011524,0.190832,0.219563,0.011608,0.021885,0.049307,0.021613,0.008938,0.004207,0.009858,0.055013,0.326348,0.378543,0.219094,0.092195,0.015883,0.009544,0.011465,0.037209,0.011887,3
0.494746,0.151293,0.219779,0.293115,0.360616,0.434657,0.330833,0.004107,0.011284,0.021795,0.002564,0.079204,0.010868,0.023065,0.006273,0.00363,0.002321,0.007975,0.082758,0.026068,0.009533,0.008171,0.004447,0.003438,0.004861,0.01234,0.003133,0.007972,0.00362,0.003897,0.007021,0.0513,0.121664,0
0.174134,0.227282,0.161132,0.220156,0.022393,0.007084,0.176639,0.08572,0.079402,0.047983,0.059158,0.034861,0.01501,0.005347,0.051938,0.143576,0.05366,0.01425,0.008663,0.006513,0.010026,0.00826,0.003336,0.004586,0.022604,0.03934,0.03373,0.01825,0.00479,0.004343,0.006683,0.00509,0.003964,4
0.227242,0.049162,0.143684,0.214522,0.097448,0.282522,0.216088,0.087173,0.085775,0.069955,0.045101,0.110955,0.047637,0.030207,0.027603,0.013562,0.019407,0.051852,0.077421,0.037688,0.020558,0.018734,0.010745,0.012246,0.025302,0.012968,0.009957,0.01218,0.008309,0.013954,0.020722,0.036965,0.043662,0
0.230925,0.013529,0.143863,0.016692,0.211102,0.287178,0.262359,0.09966,0.09908,0.080028,0.043188,0.112928,0.056869,0.047076,0.034542,0.026641,0.024701,0.058688,0.110813,0.065727,0.039777,0.034568,0.020849,0.017372,0.023866,0.023992,0.016308,0.014975,0.011193,0.020327,0.040647,0.084904,0.102833,0
0.532495,0.165948,0.005482,0.242874,0.307771,0.032786,0.284124,0.039926,0.077356,0.0447,0.024365,0.061031,0.092817,0.027903,0.048226,0.026662,0.008962,0.020457,0.052532,0.09873,0.082207,0.062882,0.021383,0.015598,0.015287,0.007329,0.014592,0.017912,0.008535,0.009601,0.009943,0.01505,0.03541,2
0.360277,0.449874,0.011565,0.022971,0.044276,0.314137,0.284825,0.050895,0.048856,0.063608,0.035829,0.084422,0.038399,0.024304,0.091583,0.070062,0.022972,0.027734,0.023707,0.015078,0.011277,0.015842,0.017261,0.038285,0.140122,0.09222,0.062469,0.044233,0.022935,0.020601,0.015281,0.016901,0.015859,1
0.320287,0.409669,0.017622,0.28641,0.367539,0.060049,0.332436,0.050613,0.051281,0.062413,0.074925,0.041723,0.028497,0.094658,0.042907,0.023514,0.033178,0.026797,0.01368,0.007981,0.018007,0.07333,0.105426,0.103277,0.056493,0.02383,0.019587,0.017339,0.013828,0.01236,0.028283,0.044603,0.01947,5
0.264176,0.33269,0.237623,0.319721,0.393438,0.552016,0.430962,0.008038,0.249443,0.147575,0.021124,0.056126,0.286855,0.024727,0.133576,0.064631,0.003975,0.007089,0.05096,0.377982,0.262546,0.156128,0.021808,0.014842,0.033156,0.004899,0.062105,0.085894,0.004626,0.018235,0.015574,0.009417,0.019203,2
0.228628,0.295482,0.209805,0.017843,0.275411,0.351348,0.303262,0.055077,0.07162,0.073639,0.036334,0.144374,0.040134,0.06989,0.043458,0.011983,0.022294,0.120204,0.135055,0.060491,0.031967,0.023109,0.016426,0.017121,0.05978,0.018866,0.01323,0.009836,0.007814,0.028815,0.090408,0.154422,0.108731,2
0.661921,0.026452,0.09411,0.291254,0.377495,0.573866,0.521296,0.059851,0.083338,0.069542,0.04929,0.030546,0.032318,0.103253,0.041975,0.024343,0.05732,0.026444,0.0166,0.00946,0.021908,0.05605,0.120107,0.12287,0.059769,0.023918,0.016286,0.018854,0.019987,0.007924,0.010722,0.045537,0.026683,5
0.526006,0.156771,0.308756,0.231834,0.011698,0.379436,0.339025,0.007573,0.034782,0.027414,0.005231,0.025541,0.036068,0.006569,0.041811,0.012389,0.002442,0.004961,0.025183,0.072524,0.032711,0.010485,0.005004,0.009307,0.003611,0.003646,0.011109,0.003757,0.003371,0.002878,0.002985,0.007252,0.029892,2
0.493079,0.144347,0.21659,0.292172,0.36089,0.438134,0.336568,0.017453,0.02829,0.040918,0.010491,0.141472,0.022034,0.049138,0.022599,0.009184,0.007166,0.032752,0.145977,0.049597,0.019609,0.021,0.010315,0.010177,0.015375,0.026099,0.006207,0.018796,0.007099,0.00938,0.022297,0.11589,0.191321,0
0.190523,0.247483,0.171974,0.237609,0.291055,0.017001,0.242394,0.194434,0.190512,0.029907,0.168268,0.034429,0.060937,0.012143,0.023688,0.191768,0.165464,0.080832,0.02299,0.017208,0.018258,0.031405,0.010018,0.009454,0.010416,0.022191,0.069579,0.130996,0.045949,0.018506,0.013567,0.013357,0.018509,4
0.396667,0.505034,0.012385,0.358005,0.468188,0.589541,0.561547,0.033802,0.02994,0.035993,0.096709,0.065848,0.126813,0.012075,0.025245,0.257551,0.088808,0.011818,0.013462,0.096288,0.015699,0.022205,0.004357,0.012799,0.034179,0.077123,0.278923,0.378035,0.126363,0.046711,0.019491,0.015988,0.013849,1
0.174112,0.23744,0.166821,0.221355,0.011391,0.277,0.229218,0.312726,0.267808,0.163918,0.223202,0.165154,0.142029,0.08769,0.166025,0.563627,0.207755,0.080305,0.074896,0.045763,0.068683,0.047736,0.033747,0.042824,0.08299,0.170657,0.252334,0.233392,0.075642,0.050308,0.040594,0.050257,0.048806,4
0.38322,0.49234,0.342658,0.006415,0.564982,0.454939,0.542775,0.015966,0.009716,0.011644,0.036293,0.03977,0.046634,0.005754,0.012236,0.150595,0.03282,0.00539,0.020658,0.025118,0.022228,0.005924,0.004329,0.007132,0.019353,0.069545,0.157624,0.119775,0.047056,0.024621,0.010724,0.015326,0.012662,1
0.525568,0.155768,0.308845,0.231757,0.378555,0.45962,0.352882,0.005256,0.019201,0.018158,0.002847,0.025567,0.020697,0.005562,0.067335,0.011823,0.002558,0.004298,0.024124,0.089423,0.018553,0.008211,0.007283,0.010853,0.003285,0.0035,0.012078,0.003664,0.00844,0.003734,0.004722,0.007688,0.033542,2
0.417208,0.51958,0.006708,0.022582,0.0384,0.611492,0.600017,0.061839,0.040449,0.019899,0.056396,0.024764,0.068574,0.021437,0.00914,0.041002,0.060211,0.024832,0.0084,0.02533,0.027994,0.010359,0.004181,0.004033,0.005886,0.010193,0.039171,0.120945,0.085421,0.06238,0.04069,0.027931,0.018749,1
0.399232,0.516474,0.006923,0.363219,0.474526,0.590771,0.568992,0.032988,0.023374,0.010952,0.031079,0.015795,0.041118,0.005562,0.005791,0.042687,0.029814,0.005906,0.003898,0.01934,0.006144,0.017447,0.003487,0.005156,0.007057,0.014763,0.046269,0.109662,0.043059,0.028465,0.011243,0.011711,0.012864,1
0.193141,0.250291,0.177267,0.242007,0.011973,0.298135,0.252272,0.196568,0.194102,0.074796,0.182024,0.108855,0.105584,0.056058,0.04262,0.180747,0.193031,0.139547,0.088049,0.055026,0.031928,0.072054,0.036831,0.03839,0.024717,0.022228,0.062225,0.152327,0.087535,0.06174,0.0439,0.040016,0.045871,4
0.227939,0.304144,0.001842,0.209945,0.280164,0.417388,0.370657,0.051628,0.059676,0.057594,0.024222,0.12482,0.02675,0.032478,0.020536,0.010601,0.020365,0.079838,0.115397,0.054933,0.022618,0.014606,0.009812,0.01031,0.027382,0.009189,0.005113,0.005413,0.003457,0.010118,0.035449,0.077404,0.0688,0
0.534906,0.163439,0.319049,0.237469,0.468924,0.391459,0.363675,0.00233,0.093451,0.059027,0.003428,0.018618,0.122081,0.005196,0.143944,0.01729,0.001913,0.003712,0.01666,0.25091,0.111278,0.037637,0.003795,0.003687,0.037448,0.002168,0.019723,0.021041,0.00218,0.008162,0.010227,0.005324,0.013179,2
0.381484,0.484359,0.346242,0.006227,0.453368,0.568921,0.545197,0.009065,0.007616,0.010867,0.018068,0.027758,0.024946,0.003946,0.01071,0.069499,0.017315,0.003669,0.01631,0.008522,0.009132,0.00485,0.003117,0.00554,0.015679,0.04651,0.072423,0.057343,0.023976,0.010389,0.00571,0.006798,0.008369,3
0.247086,0.31839,0.011811,0.225549,0.295808,0.449442,0.395342,0.044452,0.11003,0.11096,0.024797,0.109636,0.082352,0.01998,0.034483,0.018748,0.009274,0.014471,0.109505,0.133597,0.070966,0.018708,0.012109,0.013179,0.010783,0.020354,0.013814,0.009943,0.005633,0.005914,0.00896,0.024601,0.091622,0
0.417072,0.529958,0.006229,0.380085,0.495434,0.61788,0.598913,0.107298,0.06678,0.030806,0.160774,0.027303,0.209367,0.020723,0.005829,0.078116,0.20759,0.055918,0.007171,0.03079,0.086287,0.016779,0.022601,0.005606,0.007076,0.020044,0.079244,0.339486,0.325468,0.196599,0.098812,0.040761,0.016351,1
0.382006,0.493457,0.007537,0.34685,0.457297,0.574343,0.549614,0.04415,0.034134,0.030935,0.031626,0.071597,0.034566,0.008961,0.020347,0.234739,0.023102,0.009132,0.018844,0.037085,0.01557,0.00627,0.003721,0.009083,0.029142,0.097058,0.249398,0.166722,0.032007,0.020692,0.013775,0.014422,0.015926,3
0.53289,0.153036,0.313552,0.232267,0.011656,0.384368,0.34558,0.031721,0.062417,0.05456,0.020098,0.064333,0.099873,0.016739,0.151324,0.051836,0.011857,0.02084,0.061926,0.230426,0.09282,0.021344,0.015917,0.025843,0.036363,0.009567,0.042896,0.014574,0.014304,0.008902,0.010162,0.015801,0.048781,2
0.194614,0.2517,0.181476,0.242912,0.29728,0.006941,0.257209,0.142417,0.142712,0.009408,0.156585,0.023558,0.07866,0.012832,0.00653,0.080086,0.16074,0.088128,0.023362,0.012409,0.004217,0.032897,0.010531,0.01282,0.006823,0.003739,0.027579,0.137876,0.079786,0.025533,0.007511,0.007769,0.013026,4
0.245345,0.316619,0.225608,0.30158,0.367315,0.000239,0.337316,0.004099,0.021449,0.034331,0.002633,0.051266,0.021725,0.006833,0.012973,0.009237,0.00303,0.004852,0.058954,0.045389,0.019452,0.005251,0.00327,0.010595,0.003938,0.013094,0.008449,0.004444,0.003964,0.004452,0.005002,0.013181,0.06772,0
0.719181,0.223532,0.017667,0.318701,0.415057,0.044525,0.392741,0.02316,0.018279,0.029545,0.016473,0.03482,0.008503,0.012794,0.069653,0.021842,0.005297,0.03052,0.011405,0.010386,0.004132,0.007897,0.009516,0.027542,0.115359,0.036065,0.018187,0.010488,0.005907,0.006562,0.011075,0.011442,0.010195,5
0.376574,0.110333,0.225353,0.166052,0.275149,0.335384,0.243947,0.037906,0.035038,0.02184,0.028703,0.061741,0.016479,0.003162,0.022422,0.142057,0.027237,0.011494,0.01942,0.004364,0.012064,0.005272,0.004157,0.004334,0.017413,0.087437,0.10208,0.051255,0.00793,0.003907,0.006768,0.007154,0.005406,4
0.663368,0.202108,0.39105,0.380722,0.286477,0.016652,0.371191,0.021963,0.028911,0.05865,0.042958,0.029835,0.018528,0.12391,0.061231,0.019992,0.075127,0.038629,0.020744,0.006222,0.010821,0.039027,0.13833,0.214979,0.086577,0.024582,0.012799,0.019944,0.027139,0.016767,0.014777,0.031838,0.041387,5
0.172942,0.226631,0.164678,0.220182,0.26991,0.329536,0.239024,0.159306,0.137646,0.123619,0.103012,0.112202,0.063381,0.022576,0.145676,0.274143,0.098356,0.046143,0.035133,0.019706,0.053789,0.022849,0.0072,0.012053,0.080052,0.155774,0.101425,0.048484,0.008877,0.011747,0.023737,0.015238,0.009197,4
0.473964,0.601434,0.067127,0.209779,0.001832,0.347207,0.311811,0.009369,0.011029,0.010962,0.005424,0.057722,0.008624,0.067583,0.007988,0.00362,0.004993,0.051663,0.052863,0.011358,0.006612,0.00611,0.013439,0.004257,0.011141,0.004369,0.00504,0.006116,0.004063,0.012274,0.071887,0.160531,0.083321,2
0.510485,0.284559,0.304024,0.072517,0.012532,0.056054,0.229332,0.056045,0.078053,0.04983,0.042166,0.151443,0.058418,0.046591,0.093176,0.037306,0.022837,0.04787,0.145192,0.115927,0.043386,0.026535,0.018896,0.046541,0.022476,0.017869,0.013681,0.010508,0.016663,0.038348,0.056361,0.07406,0.271252,2
0.28138,0.357696,0.254701,0.341483,0.419523,0.507901,0.396446,0.001826,0.113746,0.014004,0.039899,0.00341,0.175936,0.045276,0.002672,0.060937,0.012721,0.00117,0.002778,0.01537,0.190991,0.189036,0.042341,0.004904,0.008549,0.00929,0.001558,0.002072,0.020761,0.003591,0.001723,0.005395,0.003268,2
0.267289,0.341625,0.242878,0.320614,0.394261,0.011791,0.355767,0.030492,0.249766,0.10683,0.041084,0.035203,0.344159,0.039838,0.099252,0.032115,0.013143,0.010903,0.027685,0.232436,0.319149,0.189782,0.034414,0.030925,0.031533,0.009173,0.014333,0.05512,0.015926,0.031759,0.017513,0.009578,0.019939,0
0.433891,0.13076,0.192713,0.00638,0.253118,0.31504,0.275336,0.038186,0.032685,0.008391,0.035584,0.020534,0.029785,0.019134,0.003696,0.006385,0.049172,0.03977,0.016808,0.009285,0.010496,0.007221,0.017541,0.012229,0.009529,0.004873,0.004048,0.013784,0.040705,0.048492,0.024934,0.011,0.009424,2
0.228908,0.070335,0.023504,0.138516,0.280451,0.211575,0.239648,0.237987,0.297247,0.194356,0.130738,0.273527,0.18738,0.097459,0.067026,0.056861,0.065328,0.155352,0.189723,0.142693,0.091191,0.051032,0.034771,0.035364,0.041236,0.029464,0.021625,0.027035,0.021202,0.044809,0.083101,0.139112,0.116084,0
0.191181,0.247715,0.006788,0.176595,0.231961,0.022654,0.197085,0.172998,0.154848,0.092749,0.128337,0.100523,0.076287,0.041686,0.066287,0.180239,0.112836,0.091748,0.066102,0.03993,0.025664,0.040592,0.016151,0.017661,0.021721,0.039094,0.070413,0.090613,0.046758,0.028681,0.020671,0.020702,0.029965,4
0.319862,0.402559,0.006492,0.286983,0.382297,0.477404,0.448096,0.039112,0.034692,0.048696,0.060885,0.021141,0.015733,0.107067,0.03497,0.010548,0.043479,0.011628,0.006846,0.003994,0.009507,0.056088,0.115427,0.100862,0.05114,0.015333,0.0081,0.008065,0.011138,0.007051,0.00903,0.029489,0.012752,5
0.360088,0.460525,0.012167,0.314686,0.033042,0.325005,0.330762,0.097909,0.105378,0.201233,0.11475,0.270889,0.118877,0.089605,0.183531,0.22875,0.069114,0.05264,0.061294,0.069158,0.045504,0.066727,0.062476,0.165735,0.30628,0.287508,0.213113,0.145403,0.076488,0.052423,0.070871,0.052715,0.061414,1
0.319796,0.404384,0.287443,0.384916,0.01143,0.4765,0.441007,0.005556,0.008337,0.027039,0.043168,0.006994,0.005025,0.101455,0.025774,0.004044,0.046381,0.00614,0.005092,0.001224,0.003982,0.024894,0.114077,0.098493,0.037848,0.006249,0.003501,0.00543,0.010305,0.002192,0.005482,0.029059,0.010551,5
0.414056,0.526771,0.370476,0.495751,0.779765,0.607061,0.633536,0.006029,0.006062,0.003756,0.057437,0.005199,0.078608,0.003693,0.003267,0.020887,0.067818,0.004981,0.00316,0.014023,0.020408,0.012065,0.002767,0.003979,0.004568,0.004537,0.020612,0.176943,0.097199,0.040884,0.008489,0.00675,0.006828,1
0.322856,0.095727,0.194448,0.023112,0.141204,0.007279,0.148171,0.071563,0.040269,0.06875,0.043178,0.031646,0.01654,0.065249,0.067105,0.038847,0.022573,0.019008,0.017871,0.011755,0.013486,0.015814,0.032293,0.069211,0.039969,0.012975,0.00948,0.020009,0.009538,0.009699,0.013393,0.024173,0.036128,4
0.262129,0.332364,0.236845,0.314902,0.387799,0.470476,0.361751,0.010809,0.270692,0.194858,0.01733,0.098133,0.303617,0.01945,0.133557,0.072538,0.004499,0.008835,0.089261,0.42763,0.279056,0.139532,0.020641,0.012956,0.051458,0.006468,0.076422,0.060043,0.009424,0.022778,0.010298,0.006933,0.027422,2
0.246853,0.318226,0.226322,0.37997,0.296544,0.050294,0.306433,0.006526,0.042774,0.05804,0.004633,0.054152,0.041318,0.005788,0.01392,0.009417,0.003435,0.005681,0.052093,0.069202,0.036615,0.006759,0.005228,0.005949,0.003977,0.007481,0.007534,0.004636,0.00467,0.004493,0.004114,0.007452,0.036809,0
0.304938,0.388912,0.370425,0.275293,0.457185,0.551991,0.436697,0.003009,0.012658,0.013507,0.082125,0.004433,0.013378,0.105198,0.012613,0.007247,0.012286,0.006935,0.002146,0.003622,0.011995,0.103031,0.0993,0.080309,0.017954,0.004176,0.00431,0.013974,0.00253,0.004381,0.012937,0.004944,0.004921,5
0.376315,0.10911,0.225876,0.166141,0.333595,0.277979,0.245148,0.116494,0.102981,0.097719,0.095615,0.253952,0.072266,0.01855,0.103114,0.511214,0.087981,0.04324,0.070541,0.022699,0.055502,0.033024,0.026355,0.018493,0.079633,0.328151,0.378199,0.191403,0.037159,0.020328,0.022066,0.044776,0.033402,4
0.316924,0.40117,0.285683,0.384394,0.570346,0.731636,0.628763,0.002836,0.004283,0.015609,0.052235,0.004043,0.00368,0.082149,0.016074,0.002428,0.021648,0.003125,0.002005,0.001964,0.003398,0.021997,0.085289,0.07858,0.024096,0.003938,0.003092,0.003311,0.00614,0.003912,0.0054,0.020898,0.006975,5
0.393129,0.118655,0.172561,0.232191,0.006556,0.016614,0.194463,0.110551,0.100649,0.030541,0.098088,0.055947,0.068913,0.015692,0.022496,0.241124,0.094129,0.043395,0.023452,0.018134,0.021257,0.048969,0.011028,0.011187,0.011662,0.041492,0.147585,0.173329,0.046115,0.015366,0.011938,0.01402,0.015391,4
0.573533,0.176032,0.254344,0.341317,0.012053,0.417614,0.379597,0.019413,0.077854,0.021258,0.031149,0.011398,0.189426,0.03256,0.00874,0.122055,0.016357,0.004235,0.00527,0.017244,0.200592,0.132648,0.0286,0.00806,0.010715,0.014465,0.005853,0.007607,0.0251,0.006654,0.008733,0.010896,0.009565,2
0.212375,0.282788,0.205545,0.028497,0.188922,0.01747,0.172756,0.124838,0.13461,0.08892,0.099956,0.167257,0.073657,0.079663,0.046034,0.058746,0.088373,0.19952,0.13442,0.06652,0.037601,0.050994,0.028281,0.026582,0.034651,0.012844,0.023175,0.030711,0.036083,0.078398,0.124621,0.0954,0.046704,0
0.283814,0.342524,0.018111,0.034119,0.242876,0.179886,0.196226,0.060342,0.106587,0.070004,0.062119,0.056688,0.108346,0.068247,0.036248,0.046075,0.029888,0.020288,0.035026,0.065845,0.094026,0.108614,0.048394,0.026869,0.029622,0.021005,0.025453,0.036495,0.024534,0.016676,0.018985,0.023582,0.02578,0
0.778151,0.235577,0.007286,0.345996,0.6188,0.568695,0.64408,0.023199,0.018315,0.016388,0.013974,0.031801,0.014252,0.007038,0.012969,0.079251,0.009831,0.00573,0.022977,0.013258,0.01117,0.005577,0.005394,0.008908,0.019234,0.057126,0.083246,0.038087,0.013428,0.00862,0.007168,0.011003,0.007953,1
0.299935,0.37848,0.27067,0.022007,0.006102,0.358427,0.341768,0.05342,0.115255,0.074886,0.198829,0.027386,0.115234,0.250121,0.041917,0.058523,0.044902,0.0303,0.010702,0.025663,0.10594,0.432067,0.239572,0.130662,0.057418,0.019785,0.013743,0.023742,0.011493,0.036111,0.046943,0.031574,0.024612,5
0.24862,0.318553,0.221756,0.236704,0.301846,0.00677,0.255552,0.07058,0.318311,0.283601,0.050602,0.279847,0.315624,0.092818,0.092427,0.082873,0.025158,0.069618,0.2934,0.367383,0.287397,0.1729,0.053,0.062833,0.065408,0.085631,0.060241,0.067805,0.033152,0.028364,0.041693,0.11587,0.185142,2
0.436433,0.54415,0.192726,0.057356,0.313572,0.00282,0.278317,0.043558,0.038363,0.012985,0.11287,0.034223,0.124294,0.049075,0.005834,0.023113,0.163253,0.124674,0.0289,0.019406,0.050863,0.010723,0.029919,0.020117,0.017982,0.00749,0.008546,0.04126,0.186372,0.254324,0.173855,0.055479,0.017678,4
0.19051,0.38992,0.111774,0.127093,0.243724,0.011809,0.181241,0.337662,0.332454,0.13879,0.249193,0.165399,0.111074,0.098683,0.084208,0.283852,0.282114,0.17858,0.113225,0.079325,0.075029,0.073533,0.056536,0.053541,0.050149,0.053063,0.078998,0.118084,0.100875,0.082107,0.066473,0.071429,0.049581,4
0.544026,0.16506,0.23886,0.319938,0.393612,0.4764,0.367522,0.002726,0.030274,0.015917,0.003134,0.007726,0.057829,0.00535,0.067112,0.012106,0.00274,0.003099,0.006661,0.111261,0.052368,0.019261,0.004145,0.006065,0.0196,0.003011,0.010047,0.02855,0.003382,0.009641,0.005711,0.007862,0.010766,2
0.20856,0.237347,0.006631,0.040069,0.157135,0.216909,0.166704,0.223477,0.177638,0.110464,0.124263,0.159907,0.152369,0.076778,0.118349,0.167869,0.101017,0.10237,0.089757,0.066101,0.064306,0.064756,0.031365,0.044831,0.074058,0.094448,0.105417,0.114542,0.06489,0.054577,0.046251,0.03277,0.040013,4
0.662097,0.200806,0.390284,0.29207,0.001282,0.481069,0.454222,0.010969,0.007549,0.024059,0.026443,0.007185,0.00379,0.068904,0.02344,0.003649,0.036144,0.005603,0.00708,0.002297,0.003408,0.01292,0.077106,0.093897,0.034778,0.006964,0.003664,0.005645,0.011842,0.00421,0.005223,0.021079,0.016981,5
0.777756,0.235607,0.003372,0.341381,0.447218,0.580028,0.552962,0.020915,0.012027,0.013259,0.011977,0.028939,0.013069,0.003955,0.012337,0.098118,0.009944,0.005886,0.037736,0.020166,0.016901,0.00528,0.003269,0.007713,0.018291,0.082755,0.101088,0.038796,0.014437,0.009058,0.006396,0.00911,0.016817,1
0.247998,0.317273,0.225888,0.374718,0.295808,0.44466,0.338527,0.005366,0.044682,0.048743,0.004334,0.054958,0.044235,0.008107,0.013791,0.009706,0.003599,0.009466,0.056916,0.061294,0.040289,0.017015,0.004643,0.008256,0.004271,0.012027,0.009366,0.007638,0.004188,0.004668,0.005852,0.014324,0.054547,0
0.380748,0.484931,0.011972,0.033209,0.334705,0.044205,0.307751,0.035525,0.033237,0.030707,0.025625,0.050822,0.032195,0.011339,0.02385,0.119824,0.018706,0.009658,0.02352,0.015436,0.014161,0.009207,0.005479,0.011752,0.028458,0.06915,0.120278,0.081237,0.022805,0.014537,0.011698,0.011125,0.010262,3
0.005362,0.036915,0.127141,0.099934,0.038762,0.232647,0.187539,0.090192,0.057498,0.06011,0.053669,0.051045,0.055199,0.034205,0.034287,0.04683,0.033982,0.028272,0.024343,0.025104,0.019659,0.021812,0.008465,0.020762,0.033991,0.027843,0.052212,0.06161,0.043735,0.048519,0.039394,0.036935,0.026013,1
0.189103,0.246432,0.176285,0.232012,0.011874,0.283175,0.237008,0.20798,0.20548,0.036705,0.189132,0.052649,0.076376,0.01174,0.030891,0.293086,0.183485,0.082378,0.028991,0.016196,0.016444,0.053397,0.011141,0.011295,0.008201,0.032562,0.128146,0.18312,0.062629,0.015086,0.01042,0.018715,0.015943,4
0.225532,0.292621,0.277392,0.204782,0.340469,0.412807,0.31174,0.012047,0.014885,0.027188,0.0092,0.104142,0.006235,0.066319,0.009262,0.002252,0.008998,0.116955,0.092601,0.028188,0.005327,0.007343,0.004042,0.008878,0.013315,0.001687,0.003894,0.002214,0.00283,0.016333,0.109236,0.140931,0.04815,2
0.34441,0.447014,0.314202,0.011913,0.410192,0.51995,0.486815,0.017591,0.022868,0.073689,0.037114,0.08203,0.026672,0.029776,0.094719,0.057338,0.015747,0.030732,0.017111,0.013721,0.009428,0.023721,0.027399,0.08164,0.157711,0.097073,0.056675,0.044889,0.020411,0.013689,0.016795,0.011361,0.011195,1
0.247134,0.320623,0.013079,0.22625,0.055516,0.298762,0.253643,0.019079,0.061444,0.063234,0.014245,0.051249,0.04865,0.01304,0.018936,0.013166,0.007984,0.011606,0.050417,0.070395,0.043754,0.010135,0.009718,0.012665,0.007027,0.00767,0.008071,0.006502,0.005688,0.00635,0.010136,0.018528,0.028425,2
0.401731,0.1213,0.237623,0.181236,0.29229,0.352089,0.256949,0.105499,0.105316,0.008344,0.206414,0.034486,0.186751,0.01583,0.007087,0.181063,0.210014,0.069523,0.032586,0.042986,0.007415,0.043388,0.013654,0.018798,0.010358,0.015267,0.13368,0.332271,0.185277,0.062966,0.020044,0.011563,0.037596,4
0.205294,0.261419,0.253222,0.187304,0.308695,0.375031,0.278474,0.06425,0.064962,0.006265,0.066773,0.026343,0.033592,0.013555,0.005413,0.022044,0.084203,0.064629,0.023247,0.009233,0.019902,0.007617,0.012966,0.006179,0.010835,0.004287,0.006896,0.024886,0.053434,0.031343,0.017222,0.011844,0.009063,0
0.552575,0.169361,0.325707,0.243397,0.40368,0.001044,0.37258,0.017255,0.125478,0.041287,0.032932,0.023371,0.233666,0.032187,0.054351,0.043003,0.011238,0.010598,0.01828,0.098006,0.219121,0.137491,0.028802,0.021375,0.027514,0.012124,0.009712,0.03452,0.009919,0.012138,0.013425,0.009997,0.012968,2
0.815813,0.24921,0.357722,0.479165,0.006611,0.265441,0.412724,0.010732,0.008804,0.005784,0.017488,0.009151,0.022373,0.00507,0.005335,0.062869,0.02025,0.005811,0.005897,0.07121,0.010777,0.015074,0.004056,0.005324,0.006009,0.008879,0.078065,0.130225,0.028835,0.012937,0.007929,0.007473,0.008808,3
0.74198,0.225746,0.012496,0.330111,0.431437,0.650297,0.601584,0.031184,0.026216,0.021398,0.015197,0.028967,0.014953,0.009684,0.037216,0.02406,0.006207,0.008719,0.059341,0.005959,0.005581,0.006697,0.004924,0.010457,0.056737,0.090466,0.022604,0.013592,0.00687,0.006505,0.006916,0.013286,0.011463,1
0.69612,0.213581,0.002347,0.303837,0.40353,0.022483,0.397301,0.036793,0.024852,0.062397,0.022815,0.055781,0.015583,0.02623,0.082193,0.027163,0.013026,0.068272,0.015514,0.008069,0.006044,0.011696,0.021369,0.159911,0.124136,0.051609,0.023123,0.017711,0.010359,0.015849,0.016978,0.009366,0.027183,5
0.264851,0.338683,0.238133,0.31939,0.391991,0.472509,0.363782,0.002778,0.091593,0.047675,0.006478,0.01463,0.109217,0.0077,0.042771,0.018252,0.00211,0.00225,0.01297,0.136612,0.100134,0.057918,0.006933,0.006975,0.030433,0.002052,0.019378,0.034863,0.002778,0.018432,0.008329,0.00275,0.005711,2
0.261322,0.331737,0.236985,0.006714,0.306661,0.39053,0.352383,0.074494,0.33333,0.234904,0.066895,0.174068,0.39666,0.071922,0.186748,0.108187,0.017964,0.044467,0.158288,0.481463,0.359049,0.138335,0.063293,0.047338,0.03723,0.015057,0.087832,0.075385,0.023257,0.031047,0.032648,0.031409,0.090843,0
0.250756,0.328468,0.006867,0.236627,0.306661,0.038982,0.277594,0.023055,0.063527,0.052246,0.016754,0.035193,0.05693,0.016835,0.02236,0.012931,0.006859,0.014714,0.032291,0.073754,0.05096,0.025814,0.011411,0.011436,0.007902,0.007399,0.009581,0.008797,0.004514,0.005634,0.005681,0.012258,0.025718,0
0.248682,0.321631,0.227393,0.308388,0.58095,0.611868,0.584522,0.007037,0.039923,0.0408,0.005443,0.033376,0.040127,0.007394,0.017891,0.013435,0.004101,0.008947,0.033405,0.06089,0.037047,0.015176,0.005424,0.009199,0.007753,0.009382,0.013966,0.007694,0.006485,0.008938,0.008905,0.018474,0.028083,0
0.288505,0.36832,0.263757,0.351732,0.006509,0.433151,0.399972,0.004482,0.028281,0.003077,0.040138,0.002429,0.036909,0.046203,0.002249,0.030156,0.003515,0.002525,0.001916,0.002541,0.03657,0.117204,0.043146,0.010698,0.002855,0.002507,0.004327,0.002332,0.003967,0.01261,0.003809,0.005356,0.004067,5
0.378744,0.024156,0.221067,0.341738,0.038063,0.055641,0.298992,0.061066,0.054411,0.067878,0.075786,0.099314,0.070444,0.049599,0.065113,0.108494,0.047279,0.033943,0.038741,0.01951,0.019271,0.027287,0.02893,0.051305,0.098199,0.114114,0.1114,0.105166,0.059395,0.054553,0.046589,0.048802,0.034561,1
0.545166,0.165234,0.320108,0.237991,0.011935,0.022746,0.287914,0.028977,0.109727,0.055541,0.017325,0.036925,0.139724,0.016863,0.086298,0.031362,0.007069,0.009151,0.026951,0.16707,0.126021,0.062333,0.009519,0.013775,0.037681,0.007373,0.018136,0.029658,0.006046,0.011019,0.009932,0.0148,0.025498,2
0.382304,0.117274,0.171132,0.227053,0.280763,0.337091,0.244189,0.057108,0.055514,0.013388,0.048397,0.029805,0.031753,0.004028,0.013762,0.157441,0.046768,0.020505,0.012152,0.005761,0.021697,0.019082,0.006982,0.005136,0.00506,0.037957,0.088343,0.071453,0.013827,0.007067,0.005096,0.015703,0.008447,4
0.229553,0.295645,0.012232,0.154018,0.033407,0.201121,0.153453,0.055724,0.082708,0.076168,0.040122,0.120124,0.051602,0.035168,0.022887,0.023059,0.035291,0.070937,0.105633,0.07397,0.033837,0.022181,0.013506,0.014939,0.015914,0.011821,0.007501,0.012264,0.014318,0.02279,0.030051,0.042808,0.043015,2
0.435644,0.131713,0.188351,0.252996,0.006534,0.314049,0.271012,0.086513,0.087851,0.04172,0.116759,0.087911,0.107677,0.060889,0.013341,0.053714,0.147631,0.139252,0.072992,0.038648,0.033209,0.023342,0.033466,0.026456,0.015908,0.009215,0.018773,0.070886,0.12228,0.143531,0.116351,0.064305,0.027851,0
0.280539,0.352248,0.017763,0.248878,0.328218,0.412845,0.369125,0.028588,0.066861,0.029765,0.025076,0.019522,0.083392,0.022527,0.016051,0.02364,0.008607,0.004893,0.008794,0.030412,0.077774,0.065486,0.017566,0.008594,0.008761,0.009266,0.005542,0.010504,0.010978,0.004862,0.00762,0.008852,0.009129,2
0.513993,0.155561,0.307965,0.227091,0.452482,0.006268,0.4056,0.010487,0.038026,0.034422,0.005168,0.073338,0.037559,0.011923,0.071385,0.01048,0.002155,0.008,0.073262,0.108694,0.033594,0.014623,0.006822,0.023479,0.00491,0.006715,0.010471,0.004686,0.006069,0.004911,0.004804,0.018769,0.116784,2
0.318205,0.094719,0.139475,0.188005,0.232509,0.011687,0.182915,0.052632,0.031601,0.057049,0.049772,0.026131,0.020688,0.114477,0.055224,0.036088,0.020619,0.011278,0.017616,0.007539,0.006398,0.026172,0.062153,0.069704,0.028121,0.006636,0.007215,0.009222,0.003025,0.005395,0.016866,0.044596,0.037227,4
0.207184,0.258689,0.012304,0.182727,0.027598,0.249816,0.207251,0.207035,0.216788,0.089742,0.183405,0.142149,0.129662,0.067213,0.043787,0.140471,0.200104,0.144474,0.097898,0.052321,0.044218,0.049517,0.040634,0.025196,0.035155,0.03244,0.055785,0.131234,0.117713,0.077681,0.052541,0.059584,0.04785,4
0.494219,0.151797,0.293208,0.220322,0.36094,0.438197,0.333433,0.005051,0.014143,0.019549,0.003339,0.074008,0.012505,0.025625,0.012309,0.005628,0.002642,0.010482,0.076762,0.028374,0.01031,0.006665,0.005778,0.006042,0.006043,0.009594,0.005023,0.004745,0.00299,0.00391,0.008585,0.057463,0.116789,2
0.242697,0.307549,0.219855,0.005244,0.286751,0.362882,0.32492,0.014018,0.027937,0.04589,0.00443,0.085466,0.024464,0.02061,0.009962,0.00535,0.00413,0.018159,0.085883,0.051187,0.021691,0.007487,0.004972,0.004808,0.008157,0.012503,0.004183,0.006858,0.004537,0.00519,0.011423,0.046505,0.082694,0
0.319651,0.40117,0.281601,0.005699,0.377669,0.364074,0.369624,0.06144,0.072013,0.152407,0.230906,0.056354,0.051463,0.408415,0.139806,0.032475,0.13715,0.060356,0.02306,0.010197,0.043786,0.277897,0.460177,0.387313,0.209332,0.054449,0.022315,0.051841,0.037232,0.024514,0.101496,0.144934,0.050578,5
0.320976,0.411739,0.006106,0.291789,0.381798,0.038649,0.363924,0.05009,0.04244,0.069423,0.076954,0.026941,0.021844,0.105107,0.058829,0.015112,0.024484,0.013675,0.011518,0.005438,0.016078,0.045364,0.11014,0.15632,0.084867,0.02315,0.012393,0.009636,0.011764,0.00825,0.009257,0.029655,0.024527,5
0.810025,0.246372,0.357492,0.011857,0.463672,0.039102,0.456573,0.016497,0.012808,0.008581,0.020062,0.015067,0.024191,0.003701,0.004175,0.081299,0.017086,0.002752,0.004849,0.037478,0.003559,0.008227,0.00154,0.002624,0.004136,0.017055,0.094272,0.086969,0.022992,0.00728,0.003108,0.003789,0.005036,1
0.21102,0.274126,0.198121,0.264011,0.322554,0.389451,0.29191,0.323773,0.332846,0.068528,0.31292,0.416345,0.116449,0.072948,0.012505,0.043229,0.325855,0.702433,0.36843,0.074273,0.027078,0.03685,0.024957,0.120172,0.022193,0.02299,0.01139,0.022136,0.126366,0.350248,0.297515,0.110161,0.027651,4
0.249839,0.32174,0.232432,0.308719,0.001664,0.379273,0.347076,0.01206,0.223716,0.209938,0.010445,0.15492,0.233765,0.013407,0.07811,0.038968,0.005338,0.019124,0.14475,0.310243,0.213196,0.081641,0.01244,0.013822,0.007235,0.008962,0.038248,0.013844,0.009246,0.005155,0.005403,0.014487,0.077192,2
0.720102,0.222861,0.318858,0.423965,0.012593,0.584672,0.539284,0.014958,0.016032,0.056661,0.013385,0.064476,0.006202,0.010825,0.118315,0.037807,0.004759,0.040808,0.018312,0.015546,0.003134,0.006886,0.009838,0.047852,0.204905,0.084738,0.037739,0.016212,0.005756,0.006996,0.01484,0.011769,0.00816,1
0.231749,0.303299,0.214626,0.286728,0.351497,0.002179,0.318223,0.014846,0.024361,0.060955,0.006632,0.164157,0.018067,0.068755,0.023513,0.004143,0.004259,0.046823,0.155167,0.060711,0.013603,0.01155,0.023859,0.003236,0.033932,0.01505,0.005123,0.00532,0.003374,0.005392,0.030518,0.189054,0.148703,2
0.475893,0.144401,0.283042,0.210646,0.349288,0.421316,0.320182,0.007578,0.016034,0.042438,0.005003,0.152973,0.012672,0.113022,0.01557,0.003186,0.004483,0.075625,0.138595,0.044769,0.010541,0.007981,0.019022,0.003352,0.025242,0.005531,0.009548,0.004305,0.002749,0.009036,0.086459,0.269514,0.161117,2
0.681476,0.212023,0.002589,0.39741,0.291167,0.59057,0.543986,0.056214,0.032994,0.060912,0.019927,0.039655,0.010229,0.039256,0.06693,0.017472,0.019943,0.052541,0.012814,0.003831,0.006975,0.020397,0.040071,0.160413,0.098416,0.038137,0.015716,0.009505,0.008143,0.018617,0.005598,0.012326,0.028406,5
0.174073,0.233779,0.166043,0.220921,0.001713,0.27641,0.235804,0.183174,0.158934,0.117868,0.114572,0.151022,0.069069,0.019423,0.125015,0.359125,0.109337,0.052493,0.041502,0.019497,0.051988,0.031443,0.013204,0.01256,0.070946,0.178645,0.165522,0.083637,0.018792,0.013132,0.020876,0.021076,0.012771,4
0.364521,0.469704,0.330707,0.006007,0.431,0.546456,0.51898,0.033506,0.022873,0.040069,0.018724,0.093629,0.019139,0.009469,0.054295,0.10875,0.010707,0.009536,0.062238,0.012769,0.015614,0.007454,0.006617,0.019289,0.093639,0.185079,0.107855,0.03992,0.013898,0.008831,0.008382,0.018294,0.018376,3
0.001342,0.025597,0.094942,0.19313,0.038693,0.287103,0.264899,0.061146,0.056451,0.058369,0.034454,0.024356,0.019105,0.041967,0.031091,0.010545,0.017213,0.010013,0.006899,0.005275,0.011024,0.023583,0.0374,0.053473,0.039799,0.016737,0.006534,0.006996,0.006297,0.006568,0.006201,0.015141,0.013291,5
0.211577,0.282924,0.199027,0.01253,0.264233,0.255815,0.23734,0.056659,0.068527,0.04484,0.049808,0.071523,0.043668,0.033967,0.017732,0.027481,0.048237,0.084589,0.059535,0.033897,0.024008,0.017936,0.012023,0.017612,0.014846,0.010129,0.009765,0.015179,0.027056,0.044644,0.048879,0.050602,0.031784,0
0.263347,0.31937,0.232253,0.007099,0.30237,0.374353,0.337743,0.035773,0.191728,0.13244,0.034883,0.117462,0.191754,0.056479,0.06188,0.050125,0.010037,0.02984,0.116361,0.201884,0.171054,0.119503,0.034852,0.02001,0.019633,0.021037,0.041669,0.023749,0.014924,0.009975,0.020414,0.069908,0.129228,0
0.245797,0.307303,0.006232,0.292618,0.215493,0.35864,0.320538,0.057197,0.095984,0.061826,0.026735,0.116319,0.063291,0.041391,0.02656,0.012551,0.016584,0.052777,0.129012,0.07153,0.055539,0.043577,0.019891,0.015018,0.018975,0.020383,0.007669,0.01196,0.004822,0.00692,0.020118,0.087057,0.131618,0
0.243017,0.307303,0.220008,0.293383,0.011672,0.438586,0.383694,0.029701,0.086377,0.106407,0.020503,0.236589,0.064132,0.067236,0.024033,0.013639,0.015488,0.061432,0.255998,0.118953,0.05661,0.024946,0.01629,0.018571,0.015354,0.035605,0.011079,0.015062,0.007882,0.007361,0.026816,0.151196,0.287149,2
0.244679,0.307712,0.216335,0.291636,0.361052,0.006507,0.322783,0.024625,0.080346,0.093353,0.014834,0.146311,0.064497,0.035727,0.02436,0.008184,0.011338,0.043859,0.155501,0.10376,0.057534,0.029466,0.017367,0.008071,0.019517,0.025904,0.006881,0.016918,0.007025,0.007371,0.017999,0.094385,0.135756,2
0.281538,0.355599,0.012036,0.022435,0.248602,0.336752,0.313094,0.047846,0.168359,0.056528,0.067145,0.027931,0.219022,0.066873,0.019649,0.070285,0.018131,0.008507,0.016399,0.049891,0.21207,0.209185,0.057122,0.025192,0.014434,0.012127,0.009488,0.015756,0.018876,0.014457,0.009216,0.012935,0.011589,5
0.250339,0.317872,0.226615,0.304015,0.007177,0.374805,0.336781,0.076209,0.275006,0.22577,0.045259,0.219077,0.239227,0.05988,0.080526,0.099255,0.02082,0.055566,0.249676,0.282834,0.205599,0.112294,0.03826,0.04527,0.021459,0.08126,0.09028,0.027063,0.027184,0.021117,0.022026,0.081109,0.239453,0
